<!-- edited with XML Spy v4.1 U (http://www.xmlspy.com) by CMCSoft-->
<!DOCTYPE Sections SYSTEM "..\..\InterfaceTemplates\Schema.dtd">
<Sections Version="320">
	<Section Dynamic="1" MaxRows="0">
		<Cells>
			<Cell CellID="C_10" CellID2="C_20" FirstCell="0" Encode="1" Receive="1" Value="02/AL-TOK/2014" StatusID="0001"/>
			<Cell CellID="D_10" CellID2="E_20" Encode="1" Receive="1" Value="18/06/2014" StatusID="0001"/>
			<Cell CellID="E_10" CellID2="G_20" Encode="1" Receive="1" Value="77.792" StatusID="0001"/>
			<Cell CellID="F_10" CellID2="M_20" Encode="1" Receive="1" Value="1652768832" StatusID="0001"/>
			<Cell CellID="G_10" CellID2="R_20" Encode="1" Receive="1" Value="LC" StatusID="0001"/>
			<Cell CellID="H_10" CellID2="V_20" Encode="1" Receive="1" Value="" StatusID="0001"/>
			<Cell CellID="I_10" CellID2="Z_20" Encode="1" Receive="1" Value="300052291510" StatusID="0001"/>
			<Cell CellID="J_10" CellID2="AC_20" Encode="1" Receive="1" Value="02/07/2014" StatusID="0001"/>
			<Cell CellID="K_10" CellID2="AF_20" Encode="1" Receive="1" Value="77.792" StatusID="0001"/>
			<Cell CellID="L_10" CellID2="AJ_20" Encode="1" Receive="1" Value="1652768832" StatusID="0001"/>
			<Cell CellID="M_10" CellID2="AO_20" Encode="1" Receive="1" Value="0000045" StatusID="0001"/>
			<Cell CellID="N_10" CellID2="AR_20" Encode="1" Receive="1" Value="02/07/2014" StatusID="0001"/>
			<Cell CellID="O_10" CellID2="AU_20" Encode="1" Receive="1" Value="77.792" StatusID="0001"/>
			<Cell CellID="P_10" CellID2="AY_20" Encode="1" Receive="1" Value="1652768832" StatusID="0001"/>
			<Cell CellID="Q_10" CellID2="BB_20" Encode="1" Receive="1" Value="" StatusID="0001"/>
			<Cell CellID="R_10" CellID2="BE_20" Encode="1" Receive="1" Value="" StatusID="0001"/>
			<Cell CellID="S_10" CellID2="BH_20" Encode="1" Receive="1" Value="" StatusID="0001"/>
			<Cell CellID="T_10" CellID2="BK_20" Encode="1" Receive="1" Value="0" StatusID="0001"/>
			<Cell CellID="U_10" CellID2="BO_20" Encode="1" Receive="1" Value="" StatusID="0001"/>
			<Cell CellID="V_10" CellID2="BQ_20" Encode="1" Receive="1" Value="" StatusID="0001"/>
			<Cell CellID="W_10" CellID2="BS_20" Encode="1" Receive="1" Value="" StatusID="0001"/>
			<Cell CellID="X_10" CellID2="BU_20" Encode="1" Receive="1" Value="0" StatusID="0001"/>
			<Cell CellID="Y_10" CellID2="BW_20" Encode="1" Receive="1" Value="" StatusID="0001"/>
			<Cell CellID="Z_10" CellID2="BY_20" Encode="1" Receive="1" Value="" StatusID="0001"/>
			<Cell CellID="AA_10" CellID2="CA_20" Encode="1" Receive="1" Value="" StatusID="0001"/>
			<Cell CellID="AB_10" CellID2="CC_20" Encode="1" Receive="1" Value="0" StatusID="0001"/>
			<Cell CellID="AC_10" CellID2="CE_20" Encode="1" Receive="1" Value="" StatusID="0001"/>
			<Cell CellID="AD_10" CellID2="CG_20" Encode="1" Receive="1" Value="" StatusID="0001"/>
			<Cell CellID="AE_10" CellID2="CI_20" Encode="1" Receive="1" Value="" StatusID="0001"/>
			<Cell CellID="AF_10" CellID2="CK_20" Encode="1" Receive="1" Value="0" StatusID="0001"/>
			<Cell CellID="AG_10" CellID2="CM_20" Encode="1" Receive="1" Value="" StatusID="0001"/>
			<Cell CellID="AH_10" CellID2="CO_20" Encode="1" Receive="1" Value="" StatusID="0001"/>
		</Cells>
		<Cells>
			<Cell CellID="C_11" CellID2="C_21" FirstCell="1" Encode="1" Receive="1" Value="03/AL-BIO/2014" StatusID="0001"/>
			<Cell CellID="D_11" CellID2="E_21" Encode="1" Receive="1" Value="01/06/2014" StatusID="0001"/>
			<Cell CellID="E_11" CellID2="G_21" Encode="1" Receive="1" Value="103.545" StatusID="0001"/>
			<Cell CellID="F_11" CellID2="M_21" Encode="1" Receive="1" Value="2199917070" StatusID="0001"/>
			<Cell CellID="G_11" CellID2="R_21" Encode="1" Receive="1" Value="CAD" StatusID="0001"/>
			<Cell CellID="H_11" CellID2="V_21" Encode="1" Receive="1" Value="" StatusID="0001"/>
			<Cell CellID="I_11" CellID2="Z_21" Encode="1" Receive="1" Value="300055770030" StatusID="0001"/>
			<Cell CellID="J_11" CellID2="AC_21" Encode="1" Receive="1" Value="05/07/2014" StatusID="0001"/>
			<Cell CellID="K_11" CellID2="AF_21" Encode="1" Receive="1" Value="103.545" StatusID="0001"/>
			<Cell CellID="L_11" CellID2="AJ_21" Encode="1" Receive="1" Value="2199917070" StatusID="0001"/>
			<Cell CellID="M_11" CellID2="AO_21" Encode="1" Receive="1" Value="0000046" StatusID="0001"/>
			<Cell CellID="N_11" CellID2="AR_21" Encode="1" Receive="1" Value="05/07/2014" StatusID="0001"/>
			<Cell CellID="O_11" CellID2="AU_21" Encode="1" Receive="1" Value="103.545" StatusID="0001"/>
			<Cell CellID="P_11" CellID2="AY_21" Encode="1" Receive="1" Value="2199917070" StatusID="0001"/>
			<Cell CellID="Q_11" CellID2="BB_21" Encode="1" Receive="1" Value="" StatusID="0001"/>
			<Cell CellID="R_11" CellID2="BE_21" Encode="1" Receive="1" Value="" StatusID="0001"/>
			<Cell CellID="S_11" CellID2="BH_21" Encode="1" Receive="1" Value="" StatusID="0001"/>
			<Cell CellID="T_11" CellID2="BK_21" Encode="1" Receive="1" Value="0" StatusID="0001"/>
			<Cell CellID="U_11" CellID2="BO_21" Encode="1" Receive="1" Value="" StatusID="0001"/>
			<Cell CellID="V_11" CellID2="BQ_21" Encode="1" Receive="1" Value="" StatusID="0001"/>
			<Cell CellID="W_11" CellID2="BS_21" Encode="1" Receive="1" Value="" StatusID="0001"/>
			<Cell CellID="X_11" CellID2="BU_21" Encode="1" Receive="1" Value="0" StatusID="0001"/>
			<Cell CellID="Y_11" CellID2="BW_21" Encode="1" Receive="1" Value="" StatusID="0001"/>
			<Cell CellID="Z_11" CellID2="BY_21" Encode="1" Receive="1" Value="" StatusID="0001"/>
			<Cell CellID="AA_11" CellID2="CA_21" Encode="1" Receive="1" Value="" StatusID="0001"/>
			<Cell CellID="AB_11" CellID2="CC_21" Encode="1" Receive="1" Value="0" StatusID="0001"/>
			<Cell CellID="AC_11" CellID2="CE_21" Encode="1" Receive="1" Value="" StatusID="0001"/>
			<Cell CellID="AD_11" CellID2="CG_21" Encode="1" Receive="1" Value="" StatusID="0001"/>
			<Cell CellID="AE_11" CellID2="CI_21" Encode="1" Receive="1" Value="" StatusID="0001"/>
			<Cell CellID="AF_11" CellID2="CK_21" Encode="1" Receive="1" Value="0" StatusID="0001"/>
			<Cell CellID="AG_11" CellID2="CM_21" Encode="1" Receive="1" Value="" StatusID="0001"/>
			<Cell CellID="AH_11" CellID2="CO_21" Encode="1" Receive="1" Value="" StatusID="0001"/>
		</Cells>
		<Cells>
			<Cell CellID="C_12" CellID2="C_22" FirstCell="1" Encode="1" Receive="1" Value="03/AL-JP/2014" StatusID="0001"/>
			<Cell CellID="D_12" CellID2="E_22" Encode="1" Receive="1" Value="01/03/2014" StatusID="0001"/>
			<Cell CellID="E_12" CellID2="G_22" Encode="1" Receive="1" Value="13.580" StatusID="0001"/>
			<Cell CellID="F_12" CellID2="M_22" Encode="1" Receive="1" Value="288520680" StatusID="0001"/>
			<Cell CellID="G_12" CellID2="R_22" Encode="1" Receive="1" Value="LC" StatusID="0001"/>
			<Cell CellID="H_12" CellID2="V_22" Encode="1" Receive="1" Value="" StatusID="0001"/>
			<Cell CellID="I_12" CellID2="Z_22" Encode="1" Receive="1" Value="300061777760" StatusID="0001"/>
			<Cell CellID="J_12" CellID2="AC_22" Encode="1" Receive="1" Value="11/07/2014" StatusID="0001"/>
			<Cell CellID="K_12" CellID2="AF_22" Encode="1" Receive="1" Value="13.580" StatusID="0001"/>
			<Cell CellID="L_12" CellID2="AJ_22" Encode="1" Receive="1" Value="288520680" StatusID="0001"/>
			<Cell CellID="M_12" CellID2="AO_22" Encode="1" Receive="1" Value="0000047" StatusID="0001"/>
			<Cell CellID="N_12" CellID2="AR_22" Encode="1" Receive="1" Value="11/07/2014" StatusID="0001"/>
			<Cell CellID="O_12" CellID2="AU_22" Encode="1" Receive="1" Value="13.580" StatusID="0001"/>
			<Cell CellID="P_12" CellID2="AY_22" Encode="1" Receive="1" Value="288520680" StatusID="0001"/>
			<Cell CellID="Q_12" CellID2="BB_22" Encode="1" Receive="1" Value="" StatusID="0001"/>
			<Cell CellID="R_12" CellID2="BE_22" Encode="1" Receive="1" Value="" StatusID="0001"/>
			<Cell CellID="S_12" CellID2="BH_22" Encode="1" Receive="1" Value="" StatusID="0001"/>
			<Cell CellID="T_12" CellID2="BK_22" Encode="1" Receive="1" Value="0" StatusID="0001"/>
			<Cell CellID="U_12" CellID2="BO_22" Encode="1" Receive="1" Value="" StatusID="0001"/>
			<Cell CellID="V_12" CellID2="BQ_22" Encode="1" Receive="1" Value="" StatusID="0001"/>
			<Cell CellID="W_12" CellID2="BS_22" Encode="1" Receive="1" Value="" StatusID="0001"/>
			<Cell CellID="X_12" CellID2="BU_22" Encode="1" Receive="1" Value="0" StatusID="0001"/>
			<Cell CellID="Y_12" CellID2="BW_22" Encode="1" Receive="1" Value="" StatusID="0001"/>
			<Cell CellID="Z_12" CellID2="BY_22" Encode="1" Receive="1" Value="" StatusID="0001"/>
			<Cell CellID="AA_12" CellID2="CA_22" Encode="1" Receive="1" Value="" StatusID="0001"/>
			<Cell CellID="AB_12" CellID2="CC_22" Encode="1" Receive="1" Value="0" StatusID="0001"/>
			<Cell CellID="AC_12" CellID2="CE_22" Encode="1" Receive="1" Value="" StatusID="0001"/>
			<Cell CellID="AD_12" CellID2="CG_22" Encode="1" Receive="1" Value="" StatusID="0001"/>
			<Cell CellID="AE_12" CellID2="CI_22" Encode="1" Receive="1" Value="" StatusID="0001"/>
			<Cell CellID="AF_12" CellID2="CK_22" Encode="1" Receive="1" Value="0" StatusID="0001"/>
			<Cell CellID="AG_12" CellID2="CM_22" Encode="1" Receive="1" Value="" StatusID="0001"/>
			<Cell CellID="AH_12" CellID2="CO_22" Encode="1" Receive="1" Value="" StatusID="0001"/>
		</Cells>
		<Cells>
			<Cell CellID="C_13" CellID2="C_23" FirstCell="1" Encode="1" Receive="1" Value="2374-DF/VT" StatusID="0001"/>
			<Cell CellID="D_13" CellID2="E_23" Encode="1" Receive="1" Value="30/08/2014" StatusID="0001"/>
			<Cell CellID="E_13" CellID2="G_23" Encode="1" Receive="1" Value="162.193,5" StatusID="0001"/>
			<Cell CellID="F_13" CellID2="M_23" Encode="1" Receive="1" Value="3445963101" StatusID="0001"/>
			<Cell CellID="G_13" CellID2="R_23" Encode="1" Receive="1" Value="TTR" StatusID="0001"/>
			<Cell CellID="H_13" CellID2="V_23" Encode="1" Receive="1" Value="" StatusID="0001"/>
			<Cell CellID="I_13" CellID2="Z_23" Encode="1" Receive="1" Value="300066817540" StatusID="0001"/>
			<Cell CellID="J_13" CellID2="AC_23" Encode="1" Receive="1" Value="16/07/2014" StatusID="0001"/>
			<Cell CellID="K_13" CellID2="AF_23" Encode="1" Receive="1" Value="162.193,5" StatusID="0001"/>
			<Cell CellID="L_13" CellID2="AJ_23" Encode="1" Receive="1" Value="3445963101" StatusID="0001"/>
			<Cell CellID="M_13" CellID2="AO_23" Encode="1" Receive="1" Value="0000048" StatusID="0001"/>
			<Cell CellID="N_13" CellID2="AR_23" Encode="1" Receive="1" Value="16/07/2014" StatusID="0001"/>
			<Cell CellID="O_13" CellID2="AU_23" Encode="1" Receive="1" Value="162.193,5" StatusID="0001"/>
			<Cell CellID="P_13" CellID2="AY_23" Encode="1" Receive="1" Value="3445963101" StatusID="0001"/>
			<Cell CellID="Q_13" CellID2="BB_23" Encode="1" Receive="1" Value="" StatusID="0001"/>
			<Cell CellID="R_13" CellID2="BE_23" Encode="1" Receive="1" Value="" StatusID="0001"/>
			<Cell CellID="S_13" CellID2="BH_23" Encode="1" Receive="1" Value="" StatusID="0001"/>
			<Cell CellID="T_13" CellID2="BK_23" Encode="1" Receive="1" Value="0" StatusID="0001"/>
			<Cell CellID="U_13" CellID2="BO_23" Encode="1" Receive="1" Value="" StatusID="0001"/>
			<Cell CellID="V_13" CellID2="BQ_23" Encode="1" Receive="1" Value="" StatusID="0001"/>
			<Cell CellID="W_13" CellID2="BS_23" Encode="1" Receive="1" Value="" StatusID="0001"/>
			<Cell CellID="X_13" CellID2="BU_23" Encode="1" Receive="1" Value="0" StatusID="0001"/>
			<Cell CellID="Y_13" CellID2="BW_23" Encode="1" Receive="1" Value="" StatusID="0001"/>
			<Cell CellID="Z_13" CellID2="BY_23" Encode="1" Receive="1" Value="" StatusID="0001"/>
			<Cell CellID="AA_13" CellID2="CA_23" Encode="1" Receive="1" Value="" StatusID="0001"/>
			<Cell CellID="AB_13" CellID2="CC_23" Encode="1" Receive="1" Value="0" StatusID="0001"/>
			<Cell CellID="AC_13" CellID2="CE_23" Encode="1" Receive="1" Value="" StatusID="0001"/>
			<Cell CellID="AD_13" CellID2="CG_23" Encode="1" Receive="1" Value="" StatusID="0001"/>
			<Cell CellID="AE_13" CellID2="CI_23" Encode="1" Receive="1" Value="" StatusID="0001"/>
			<Cell CellID="AF_13" CellID2="CK_23" Encode="1" Receive="1" Value="0" StatusID="0001"/>
			<Cell CellID="AG_13" CellID2="CM_23" Encode="1" Receive="1" Value="" StatusID="0001"/>
			<Cell CellID="AH_13" CellID2="CO_23" Encode="1" Receive="1" Value="" StatusID="0001"/>
		</Cells>
		<Cells>
			<Cell CellID="C_14" CellID2="C_24" FirstCell="1" Encode="1" Receive="1" Value="06/AL-JP/2014" StatusID="0001"/>
			<Cell CellID="D_14" CellID2="E_24" Encode="1" Receive="1" Value="19/05/2014" StatusID="0001"/>
			<Cell CellID="E_14" CellID2="G_24" Encode="1" Receive="1" Value="22.848" StatusID="0001"/>
			<Cell CellID="F_14" CellID2="M_24" Encode="1" Receive="1" Value="485428608" StatusID="0001"/>
			<Cell CellID="G_14" CellID2="R_24" Encode="1" Receive="1" Value="LC" StatusID="0001"/>
			<Cell CellID="H_14" CellID2="V_24" Encode="1" Receive="1" Value="" StatusID="0001"/>
			<Cell CellID="I_14" CellID2="Z_24" Encode="1" Receive="1" Value="300067122520" StatusID="0001"/>
			<Cell CellID="J_14" CellID2="AC_24" Encode="1" Receive="1" Value="17/07/2014" StatusID="0001"/>
			<Cell CellID="K_14" CellID2="AF_24" Encode="1" Receive="1" Value="22.848" StatusID="0001"/>
			<Cell CellID="L_14" CellID2="AJ_24" Encode="1" Receive="1" Value="485428608" StatusID="0001"/>
			<Cell CellID="M_14" CellID2="AO_24" Encode="1" Receive="1" Value="0000049" StatusID="0001"/>
			<Cell CellID="N_14" CellID2="AR_24" Encode="1" Receive="1" Value="17/07/2014" StatusID="0001"/>
			<Cell CellID="O_14" CellID2="AU_24" Encode="1" Receive="1" Value="22.848" StatusID="0001"/>
			<Cell CellID="P_14" CellID2="AY_24" Encode="1" Receive="1" Value="485428608" StatusID="0001"/>
			<Cell CellID="Q_14" CellID2="BB_24" Encode="1" Receive="1" Value="" StatusID="0001"/>
			<Cell CellID="R_14" CellID2="BE_24" Encode="1" Receive="1" Value="" StatusID="0001"/>
			<Cell CellID="S_14" CellID2="BH_24" Encode="1" Receive="1" Value="" StatusID="0001"/>
			<Cell CellID="T_14" CellID2="BK_24" Encode="1" Receive="1" Value="0" StatusID="0001"/>
			<Cell CellID="U_14" CellID2="BO_24" Encode="1" Receive="1" Value="" StatusID="0001"/>
			<Cell CellID="V_14" CellID2="BQ_24" Encode="1" Receive="1" Value="" StatusID="0001"/>
			<Cell CellID="W_14" CellID2="BS_24" Encode="1" Receive="1" Value="" StatusID="0001"/>
			<Cell CellID="X_14" CellID2="BU_24" Encode="1" Receive="1" Value="0" StatusID="0001"/>
			<Cell CellID="Y_14" CellID2="BW_24" Encode="1" Receive="1" Value="" StatusID="0001"/>
			<Cell CellID="Z_14" CellID2="BY_24" Encode="1" Receive="1" Value="" StatusID="0001"/>
			<Cell CellID="AA_14" CellID2="CA_24" Encode="1" Receive="1" Value="" StatusID="0001"/>
			<Cell CellID="AB_14" CellID2="CC_24" Encode="1" Receive="1" Value="0" StatusID="0001"/>
			<Cell CellID="AC_14" CellID2="CE_24" Encode="1" Receive="1" Value="" StatusID="0001"/>
			<Cell CellID="AD_14" CellID2="CG_24" Encode="1" Receive="1" Value="" StatusID="0001"/>
			<Cell CellID="AE_14" CellID2="CI_24" Encode="1" Receive="1" Value="" StatusID="0001"/>
			<Cell CellID="AF_14" CellID2="CK_24" Encode="1" Receive="1" Value="0" StatusID="0001"/>
			<Cell CellID="AG_14" CellID2="CM_24" Encode="1" Receive="1" Value="" StatusID="0001"/>
			<Cell CellID="AH_14" CellID2="CO_24" Encode="1" Receive="1" Value="" StatusID="0001"/>
		</Cells>
	</Section>
	<Section Dynamic="0" MaxRows="0">
		<Cells>
			<Cell CellID="F_38" CellID2="P_50" Encode="1" Value=""/>
		</Cells>
	</Section>
</Sections>
