<!-- edited with XML Spy v4.1 U (http://www.xmlspy.com) by namhl (FIS - CMCSOFT) -->
<!DOCTYPE Sections SYSTEM "..\..\InterfaceTemplates\Schema.dtd">
<Sections Version="130">
	<Section Dynamic="1" MaxRows="0">
		<Cells>
			<Cell CellID="B_23" CellID2="B_23" FirstCell="0" Encode="0" StatusID="0003" Value=""/>
			<Cell CellID="C_25" CellID2="D_25" Encode="1" StatusID="0003" Value=""/>
			<Cell CellID="C_26" CellID2="D_26" Encode="1" StatusID="0003" Value=""/>
			<Cell CellID="C_27" CellID2="D_27" Encode="1" StatusID="0003" Value=""/>
			<Cell CellID="C_28" CellID2="D_28" Encode="1" StatusID="0003" Value=""/>
			<Cell CellID="C_29" CellID2="D_29" Encode="1" StatusID="0003" Value=""/>
			<Cell CellID="C_30" CellID2="D_30" Encode="1" StatusID="0003" Value="x"/>
			<Cell CellID="C_31" CellID2="D_31" Encode="1" StatusID="0003" Value=""/>
			<Cell CellID="C_32" CellID2="D_32" Encode="1" StatusID="0003" Value=""/>
			<Cell CellID="C_33" CellID2="D_33" Encode="1" StatusID="0003" Value=""/>
			<Cell CellID="C_34" CellID2="D_34" Encode="1" StatusID="0003" Value=""/>
			<Cell CellID="C_35" CellID2="D_35" Encode="1" StatusID="0003" Value=""/>
			<Cell CellID="Q_37" CellID2="O_37" Encode="1" StatusID="0003" Value="20.000"/>
			<Cell CellID="N_38" CellID2="M_38" Encode="1" StatusID="0003" Value="10"/>
			<Cell CellID="U_38" CellID2="T_38" Encode="1" StatusID="0003" Value="2010"/>
			<Cell CellID="J_39" CellID2="J_39" Encode="1" StatusID="0003" Value="2"/>
			<Cell CellID="Q_39" CellID2="Q_39" Encode="1" StatusID="0003" Value="2010"/>
			<Cell CellID="N_40" CellID2="N_40" Encode="1" StatusID="0003" Value="4"/>
			<Cell CellID="U_40" CellID2="U_40" Encode="1" StatusID="0003" Value="2012"/>
			<Cell CellID="U_47" CellID2="X_47" Encode="1" StatusID="0003" Value="321839667"/>
			<Cell CellID="U_48" CellID2="X_48" Encode="1" StatusID="0003" Value="64367933"/>
			<Cell CellID="U_49" CellID2="X_49" Encode="1" StatusID="0003" Value="80459917"/>
			<Cell CellID="U_50" CellID2="X_50" Encode="1" StatusID="0003" Value="16091984"/>
			<Cell CellID="U_52" CellID2="X_52" Encode="1" StatusID="0003" Value="321839667"/>
			<Cell CellID="U_53" CellID2="X_53" Encode="1" StatusID="0003" Value="20"/>
			<Cell CellID="U_54" CellID2="X_54" Encode="1" StatusID="0003" Value="64367933"/>
			<Cell CellID="U_55" CellID2="X_55" Encode="1" StatusID="0003" Value="50"/>
			<Cell CellID="U_56" CellID2="X_56" Encode="1" StatusID="0003" Value="32183967"/>
			<Cell CellID="U_57" CellID2="X_57" Encode="0" PageBreak="1" StatusID="0003" Value=""/>
		</Cells>
	</Section>
</Sections>
