<!-- edited with XML Spy v4.1 U (http://www.xmlspy.com) (FIS - CMCSOFT) -->
<!DOCTYPE Sections SYSTEM "..\..\InterfaceTemplates\Schema.dtd">
<Sections Version="316">
	<Section Dynamic="0" MaxRows="0">
		<Cells>
			<Cell CellID="F_17" CellID2="I_22" Encode="1" Value=""/>
		</Cells>
	</Section>
	<Section Dynamic="0" MaxRows="0">
		<Cells>
			<Cell CellID="O_23" CellID2="AE_29" Encode="1" Value="321839667"/>
			<Cell CellID="O_25" CellID2="AE_31" Encode="1" Value="0"/>
			<Cell CellID="O_26" CellID2="AE_32" Encode="1" Value="0"/>
			<Cell CellID="O_27" CellID2="AE_33" Encode="1" Value="0"/>
			<Cell CellID="O_28" CellID2="AE_34" Encode="1" Value="0"/>
			<Cell CellID="O_29" CellID2="AE_35" Encode="1" Value="0"/>
			<Cell CellID="O_30" CellID2="AE_36" Encode="1" Value="0"/>
			<Cell CellID="O_31" CellID2="AE_37" Encode="1" Value="0"/>
			<Cell CellID="O_32" CellID2="AE_38" Encode="1" Value="0"/>
			<Cell CellID="O_33" CellID2="AE_39" Encode="1" Value="0"/>
			<Cell CellID="O_34" CellID2="AE_40" Encode="1" Value="0"/>
			<Cell CellID="O_35" CellID2="AE_41" Encode="1" Value="0"/>
			<Cell CellID="O_36" CellID2="AE_42" Encode="1" Value="321839667"/>
			<Cell CellID="O_37" CellID2="AE_43" Encode="1" Value="321839667"/>
			<Cell CellID="O_38" CellID2="AE_44" Encode="1" Value="0"/>
			<Cell CellID="O_40" CellID2="AE_46" Encode="1" Value="321839667"/>
			<Cell CellID="O_41" CellID2="AE_47" Encode="1" Value="0"/>
			<Cell CellID="O_42" CellID2="AE_48" Encode="1" Value="0"/>
			<Cell CellID="O_43" CellID2="AE_49" Encode="1" Value="321839667"/>
			<Cell CellID="O_44" CellID2="AE_50" Encode="1" Value="0"/>
			<Cell CellID="O_45" CellID2="AE_51" Encode="1" Value="321839667"/>
			<Cell CellID="O_46" CellID2="AE_52" Encode="1" Value="80459917"/>
			<Cell CellID="O_47" CellID2="AE_53" Encode="1" Value="16091984"/>
			<Cell CellID="O_48" CellID2="AE_54" Encode="1" Value="32183967"/>
			<Cell CellID="O_49" CellID2="AE_55" Encode="1" Value="0"/>
			<Cell CellID="O_50" CellID2="AE_56" Encode="1" Value="32183966"/>
			<Cell CellID="O_51" CellID2="AE_57" Encode="1" Value="0"/>
			<Cell CellID="O_52" CellID2="AE_58" Encode="1" Value="32183966"/>
			<Cell CellID="O_53" CellID2="AE_59" Encode="1" Value="32183966"/>
			<Cell CellID="O_54" CellID2="AE_60" Encode="1" Value="0"/>
		</Cells>
	</Section>
	<Section Dynamic="0" MaxRows="0">
		<Cells>
			<Cell CellID="D_8" CellID2="K_8" Encode="1" Value=""/>
		</Cells>
	</Section>
	<Section Dynamic="1" MaxRows="0">
		<Cells>
			<Cell CellID="C_60" CellID2="E_65" FirstCell="0" Encode="1" Value="" StatusID="0001"/>
		</Cells>
	</Section>
	<Section Dynamic="0" MaxRows="0">
		<Cells>
			<Cell CellID="B_62" CellID2="C_68" Encode="1" Value=""/>
		</Cells>
	</Section>
	<Section Dynamic="0" MaxRows="0">
		<Cells>
			<Cell CellID="F_65" CellID2="G_74" Encode="1" Receive="1" Value=""/>
			<Cell CellID="N_65" CellID2="U_78" Encode="1" Receive="1" Value="Nguyễn Thiện Duy"/>
			<Cell CellID="F_67" CellID2="J_75" Encode="1" Receive="1" Value=""/>
			<Cell CellID="N_67" CellID2="C_71" Encode="1" Receive="1" Value="17/03/2014"/>
			<Cell CellID="E_14" CellID2="L_22" Encode="1" Receive="1" Value="1"/>
			<Cell CellID="F_14" CellID2="M_22" Encode="1" Receive="1" Value="1"/>
			<Cell CellID="I_14" CellID2="N_22" Encode="1" Receive="1" Value="0"/>
			<Cell CellID="J_14" CellID2="" Encode="1" Receive="1" Value="1052"/>
			<Cell CellID="D_63" CellID2="J_69" Encode="0" Receive="1" Value="Doanh nghiệp có quy mô nhỏ và vừa"/>
			<Cell CellID="P_63" CellID2="I_71" Encode="1" Receive="1" Value="01"/>
		</Cells>
	</Section>
</Sections>
