<!-- edited with XML Spy v4.1 U (http://www.xmlspy.com) by CMCSoft-->
<!DOCTYPE Sections SYSTEM "..\..\InterfaceTemplates\Schema.dtd">
<Sections Version="330">
	<Section Dynamic="1" MaxRows="0">
		<Cells>
			<Cell CellID="D_22" CellID2="C_15" FirstCell="0" Encode="1" Value="" StatusID="0001"/>
			<Cell CellID="E_22" CellID2="H_15" Encode="1" Value="" StatusID="0001"/>
			<Cell CellID="F_22" CellID2="I_15" Encode="1" Value="" StatusID="0001"/>
			<Cell CellID="G_22" CellID2="L_15" Encode="1" Value="" StatusID="0001"/>
			<Cell CellID="H_22" CellID2="N_15" Encode="1" Value="" StatusID="0001"/>
			<Cell CellID="I_22" CellID2="AG_15" Encode="1" Value="01" StatusID="0001"/>
			<Cell CellID="J_22" CellID2="P_15" Encode="1" Value="Việt Nam" StatusID="0001"/>
			<Cell CellID="K_22" CellID2="S_15" Encode="1" Value="" StatusID="0001"/>
			<Cell CellID="L_22" CellID2="AH_15" Encode="1" Value="" StatusID="0001"/>
			<Cell CellID="M_22" CellID2="V_15" Encode="1" Value="" StatusID="0001"/>
			<Cell CellID="N_22" CellID2="Y_15" Encode="1" Value="" StatusID="0001"/>
			<Cell CellID="O_22" CellID2="Z_15" Encode="1" Value="" StatusID="0001"/>
			<Cell CellID="P_22" CellID2="AJ_15" Encode="1" Value="01" StatusID="0001"/>
			<Cell CellID="Q_22" CellID2="AA_15" Encode="1" Value="Việt Nam" StatusID="0001"/>
			<Cell CellID="R_22" CellID2="AK_15" Encode="1" Value="" StatusID="0001"/>
			<Cell CellID="S_22" CellID2="AB_15" Encode="1" Value="" StatusID="0001"/>
			<Cell CellID="T_22" CellID2="AM_15" Encode="1" Value="" StatusID="0001"/>
			<Cell CellID="U_22" CellID2="AC_15" Encode="1" Value="" StatusID="0001"/>
			<Cell CellID="V_22" CellID2="AN_15" Encode="1" Value="" StatusID="0001"/>
			<Cell CellID="W_22" CellID2="AD_15" Encode="1" Value="" StatusID="0001"/>
			<Cell CellID="X_22" CellID2="AE_15" Encode="1" Value="" StatusID="0001"/>
			<Cell CellID="Y_22" CellID2="AF_15" Encode="1" Value="" StatusID="0001"/>
		</Cells>
	</Section>
</Sections>
