<!-- edited with XML Spy v4.1 U (http://www.xmlspy.com) by namhl (FIS - CMCSOFT) -->
<!DOCTYPE Sections SYSTEM "..\..\InterfaceTemplates\Schema.dtd">
<Sections Version="330">
	<Section Dynamic="0" MaxRows="0">
		<Cells>
			<Cell CellID="E_23" CellID2="S_23" Encode="1" Value="0"/>
			<Cell CellID="E_24" CellID2="S_24" Encode="1" Value="0"/>
			<Cell CellID="E_25" CellID2="S_25" Encode="1" Value="0"/>
			<Cell CellID="E_26" CellID2="S_26" Encode="1" Value="0"/>
			<Cell CellID="E_27" CellID2="S_27" Encode="1" Value="0"/>
			<Cell CellID="E_28" CellID2="S_28" Encode="1" Value="0"/>
			<Cell CellID="E_29" CellID2="S_29" Encode="1" Value="0"/>
			<Cell CellID="E_30" CellID2="S_30" Encode="1" Value="747244"/>
			<Cell CellID="E_31" CellID2="S_31" Encode="1" Value="99608749"/>
			<Cell CellID="E_32" CellID2="S_32" Encode="1" Value="0"/>
			<Cell CellID="E_33" CellID2="S_33" Encode="1" Value="0"/>
			<Cell CellID="E_34" CellID2="S_34" Encode="1" Value="99608749"/>
			<Cell CellID="E_35" CellID2="S_35" Encode="1" Value="0"/>
			<Cell CellID="E_36" CellID2="S_36" Encode="1" Value="0"/>
			<Cell CellID="E_37" CellID2="S_37" Encode="1" Value="-98861505"/>
			<Cell CellID="E_38" CellID2="S_38" Encode="1" Value="0"/>
			<Cell CellID="E_39" CellID2="S_39" Encode="1" Value="0"/>
			<Cell CellID="E_40" CellID2="S_40" Encode="1" Value="0"/>
			<Cell CellID="E_41" CellID2="S_41" Encode="1" Value="-98861505"/>
		</Cells>
	</Section>
</Sections>
