<!-- edited with XML Spy v4.1 U (http://www.xmlspy.com) by CMCSoft-->
<!DOCTYPE Sections SYSTEM "..\..\InterfaceTemplates\Schema.dtd">
<Sections Version="321">
	<Section Dynamic="1" MaxRows="0">
		<Cells>
			<Cell CellID="C_8" CellID2="AU_18" FirstCell="0" Encode="0" Receive="1" Value="" StatusID="0001"/>
			<Cell CellID="D_8" CellID2="C_18" Encode="1" Receive="1" Value="01GTKT3/001" StatusID="0001"/>
			<Cell CellID="E_8" CellID2="E_18" Encode="1" Receive="1" Value="KH/12P" StatusID="0001"/>
			<Cell CellID="F_8" CellID2="G_18" Encode="1" Receive="1" Value="0000187" StatusID="0001"/>
			<Cell CellID="G_8" CellID2="M_18" Encode="1" Receive="1" Value="20/01/2014" StatusID="0001"/>
			<Cell CellID="H_8" CellID2="R_18" Encode="1" Receive="1" Value="Công Ty TNHH MTV Ắc Quy Khải Huyền" StatusID="0001"/>
			<Cell CellID="I_8" CellID2="X_18" Encode="1" Receive="1" Value="0311950903" StatusID="0001"/>
			<Cell CellID="J_8" CellID2="AB_18" Encode="1" Receive="1" Value="Bình N100" StatusID="0001"/>
			<Cell CellID="K_8" CellID2="AF_18" Encode="1" Receive="1" Value="1637000" StatusID="0001"/>
			<Cell CellID="L_8" CellID2="AJ_18" Encode="1" Receive="1" Value="10" StatusID="0001"/>
			<Cell CellID="M_8" CellID2="AN_18" Encode="1" Receive="1" Value="163700" StatusID="0001"/>
			<Cell CellID="N_8" CellID2="AR_18" Encode="1" Receive="1" Value="" StatusID="0001"/>
		</Cells>
		<Cells>
			<Cell CellID="C_9" CellID2="AU_19" FirstCell="1" Encode="0" Receive="1" Value="" StatusID="0001"/>
			<Cell CellID="D_9" CellID2="C_19" Encode="1" Receive="1" Value="01GTKT2/001" StatusID="0001"/>
			<Cell CellID="E_9" CellID2="E_19" Encode="1" Receive="1" Value="AA/13P" StatusID="0001"/>
			<Cell CellID="F_9" CellID2="G_19" Encode="1" Receive="1" Value="0033752" StatusID="0001"/>
			<Cell CellID="G_9" CellID2="M_19" Encode="1" Receive="1" Value="20/01/2014" StatusID="0001"/>
			<Cell CellID="H_9" CellID2="R_19" Encode="1" Receive="1" Value="Trung Tâm Đăng Kiểm Xe Cơ Giới" StatusID="0001"/>
			<Cell CellID="I_9" CellID2="X_19" Encode="1" Receive="1" Value="0301125901" StatusID="0001"/>
			<Cell CellID="J_9" CellID2="AB_19" Encode="1" Receive="1" Value="Phí kiểm định xe ô tô" StatusID="0001"/>
			<Cell CellID="K_9" CellID2="AF_19" Encode="1" Receive="1" Value="218182" StatusID="0001"/>
			<Cell CellID="L_9" CellID2="AJ_19" Encode="1" Receive="1" Value="10" StatusID="0001"/>
			<Cell CellID="M_9" CellID2="AN_19" Encode="1" Receive="1" Value="21818" StatusID="0001"/>
			<Cell CellID="N_9" CellID2="AR_19" Encode="1" Receive="1" Value="" StatusID="0001"/>
		</Cells>
		<Cells>
			<Cell CellID="C_10" CellID2="AU_20" FirstCell="1" Encode="0" Receive="1" Value="" StatusID="0001"/>
			<Cell CellID="D_10" CellID2="C_20" Encode="1" Receive="1" Value="01GTKT3/003" StatusID="0001"/>
			<Cell CellID="E_10" CellID2="E_20" Encode="1" Receive="1" Value="AA/13P" StatusID="0001"/>
			<Cell CellID="F_10" CellID2="G_20" Encode="1" Receive="1" Value="1059744" StatusID="0001"/>
			<Cell CellID="G_10" CellID2="M_20" Encode="1" Receive="1" Value="21/01/2014" StatusID="0001"/>
			<Cell CellID="H_10" CellID2="R_20" Encode="1" Receive="1" Value="Công Ty TNHH MTV Tổng Công Ty Tân Cảng Sài Gòn" StatusID="0001"/>
			<Cell CellID="I_10" CellID2="X_20" Encode="1" Receive="1" Value="0300514849" StatusID="0001"/>
			<Cell CellID="J_10" CellID2="AB_20" Encode="1" Receive="1" Value="Đóng ruột thủ công hàng lạnh" StatusID="0001"/>
			<Cell CellID="K_10" CellID2="AF_20" Encode="1" Receive="1" Value="1077273" StatusID="0001"/>
			<Cell CellID="L_10" CellID2="AJ_20" Encode="1" Receive="1" Value="10" StatusID="0001"/>
			<Cell CellID="M_10" CellID2="AN_20" Encode="1" Receive="1" Value="107727" StatusID="0001"/>
			<Cell CellID="N_10" CellID2="AR_20" Encode="1" Receive="1" Value="" StatusID="0001"/>
		</Cells>
		<Cells>
			<Cell CellID="C_11" CellID2="AU_21" FirstCell="1" Encode="0" Receive="1" Value="" StatusID="0001"/>
			<Cell CellID="D_11" CellID2="C_21" Encode="1" Receive="1" Value="01GTKT3/001" StatusID="0001"/>
			<Cell CellID="E_11" CellID2="E_21" Encode="1" Receive="1" Value="TT/13P" StatusID="0001"/>
			<Cell CellID="F_11" CellID2="G_21" Encode="1" Receive="1" Value="0022328" StatusID="0001"/>
			<Cell CellID="G_11" CellID2="M_21" Encode="1" Receive="1" Value="19/02/2014" StatusID="0001"/>
			<Cell CellID="H_11" CellID2="R_21" Encode="1" Receive="1" Value="Công Ty TNHH Dịch Vụ Ô Tô Sài Gòn Toyota Tsusho " StatusID="0001"/>
			<Cell CellID="I_11" CellID2="X_21" Encode="1" Receive="1" Value="0300710843" StatusID="0001"/>
			<Cell CellID="J_11" CellID2="AB_21" Encode="1" Receive="1" Value="Phí sửa chữa xe" StatusID="0001"/>
			<Cell CellID="K_11" CellID2="AF_21" Encode="1" Receive="1" Value="933160" StatusID="0001"/>
			<Cell CellID="L_11" CellID2="AJ_21" Encode="1" Receive="1" Value="10" StatusID="0001"/>
			<Cell CellID="M_11" CellID2="AN_21" Encode="1" Receive="1" Value="93316" StatusID="0001"/>
			<Cell CellID="N_11" CellID2="AR_21" Encode="1" Receive="1" Value="" StatusID="0001"/>
		</Cells>
		<Cells>
			<Cell CellID="C_12" CellID2="AU_22" FirstCell="1" Encode="0" Receive="1" Value="" StatusID="0001"/>
			<Cell CellID="D_12" CellID2="C_22" Encode="1" Receive="1" Value="01GTKT2/001" StatusID="0001"/>
			<Cell CellID="E_12" CellID2="E_22" Encode="1" Receive="1" Value="EC/13P" StatusID="0001"/>
			<Cell CellID="F_12" CellID2="G_22" Encode="1" Receive="1" Value="0002720" StatusID="0001"/>
			<Cell CellID="G_12" CellID2="M_22" Encode="1" Receive="1" Value="28/02/2014" StatusID="0001"/>
			<Cell CellID="H_12" CellID2="R_22" Encode="1" Receive="1" Value="Trung Tâm Phát Triển Thương Mại Điện Tử" StatusID="0001"/>
			<Cell CellID="I_12" CellID2="X_22" Encode="1" Receive="1" Value="0102721113" StatusID="0001"/>
			<Cell CellID="J_12" CellID2="AB_22" Encode="1" Receive="1" Value="Thẻ chứ ký điện tử" StatusID="0001"/>
			<Cell CellID="K_12" CellID2="AF_22" Encode="1" Receive="1" Value="1636364" StatusID="0001"/>
			<Cell CellID="L_12" CellID2="AJ_22" Encode="1" Receive="1" Value="10" StatusID="0001"/>
			<Cell CellID="M_12" CellID2="AN_22" Encode="1" Receive="1" Value="163636" StatusID="0001"/>
			<Cell CellID="N_12" CellID2="AR_22" Encode="1" Receive="1" Value="" StatusID="0001"/>
		</Cells>
		<Cells>
			<Cell CellID="C_13" CellID2="AU_23" FirstCell="1" Encode="0" Receive="1" Value="" StatusID="0001"/>
			<Cell CellID="D_13" CellID2="C_23" Encode="1" Receive="1" Value="01GTKT2/001" StatusID="0001"/>
			<Cell CellID="E_13" CellID2="E_23" Encode="1" Receive="1" Value="QT/14T" StatusID="0001"/>
			<Cell CellID="F_13" CellID2="G_23" Encode="1" Receive="1" Value="140211-4" StatusID="0001"/>
			<Cell CellID="G_13" CellID2="M_23" Encode="1" Receive="1" Value="11/02/2014" StatusID="0001"/>
			<Cell CellID="H_13" CellID2="R_23" Encode="1" Receive="1" Value="NH Eximbank CN Quận 4" StatusID="0001"/>
			<Cell CellID="I_13" CellID2="X_23" Encode="1" Receive="1" Value="0301179079-035" StatusID="0001"/>
			<Cell CellID="J_13" CellID2="AB_23" Encode="1" Receive="1" Value="Phí thông báo LC" StatusID="0001"/>
			<Cell CellID="K_13" CellID2="AF_23" Encode="1" Receive="1" Value="316200" StatusID="0001"/>
			<Cell CellID="L_13" CellID2="AJ_23" Encode="1" Receive="1" Value="10" StatusID="0001"/>
			<Cell CellID="M_13" CellID2="AN_23" Encode="1" Receive="1" Value="31620" StatusID="0001"/>
			<Cell CellID="N_13" CellID2="AR_23" Encode="1" Receive="1" Value="" StatusID="0001"/>
		</Cells>
		<Cells>
			<Cell CellID="C_14" CellID2="AU_24" FirstCell="1" Encode="0" Receive="1" Value="" StatusID="0001"/>
			<Cell CellID="D_14" CellID2="C_24" Encode="1" Receive="1" Value="01GTKT2/001" StatusID="0001"/>
			<Cell CellID="E_14" CellID2="E_24" Encode="1" Receive="1" Value="QT/14T" StatusID="0001"/>
			<Cell CellID="F_14" CellID2="G_24" Encode="1" Receive="1" Value="140211-4" StatusID="0001"/>
			<Cell CellID="G_14" CellID2="M_24" Encode="1" Receive="1" Value="11/02/2014" StatusID="0001"/>
			<Cell CellID="H_14" CellID2="R_24" Encode="1" Receive="1" Value="NH Eximbank CN Quận 4" StatusID="0001"/>
			<Cell CellID="I_14" CellID2="X_24" Encode="1" Receive="1" Value="0301179079-035" StatusID="0001"/>
			<Cell CellID="J_14" CellID2="AB_24" Encode="1" Receive="1" Value="Phí thương lượng chứng từ" StatusID="0001"/>
			<Cell CellID="K_14" CellID2="AF_24" Encode="1" Receive="1" Value="1496258" StatusID="0001"/>
			<Cell CellID="L_14" CellID2="AJ_24" Encode="1" Receive="1" Value="10" StatusID="0001"/>
			<Cell CellID="M_14" CellID2="AN_24" Encode="1" Receive="1" Value="149668" StatusID="0001"/>
			<Cell CellID="N_14" CellID2="AR_24" Encode="1" Receive="1" Value="" StatusID="0001"/>
		</Cells>
		<Cells>
			<Cell CellID="C_15" CellID2="AU_25" FirstCell="1" Encode="0" Receive="1" Value="" StatusID="0001"/>
			<Cell CellID="D_15" CellID2="C_25" Encode="1" Receive="1" Value="01GTKT2/001" StatusID="0001"/>
			<Cell CellID="E_15" CellID2="E_25" Encode="1" Receive="1" Value="QT/14T" StatusID="0001"/>
			<Cell CellID="F_15" CellID2="G_25" Encode="1" Receive="1" Value="140211-4" StatusID="0001"/>
			<Cell CellID="G_15" CellID2="M_25" Encode="1" Receive="1" Value="11/02/2014" StatusID="0001"/>
			<Cell CellID="H_15" CellID2="R_25" Encode="1" Receive="1" Value="NH Eximbank CN Quận 4" StatusID="0001"/>
			<Cell CellID="I_15" CellID2="X_25" Encode="1" Receive="1" Value="0301179079-035" StatusID="0001"/>
			<Cell CellID="J_15" CellID2="AB_25" Encode="1" Receive="1" Value="Bưu phí" StatusID="0001"/>
			<Cell CellID="K_15" CellID2="AF_25" Encode="1" Receive="1" Value="460598" StatusID="0001"/>
			<Cell CellID="L_15" CellID2="AJ_25" Encode="1" Receive="1" Value="10" StatusID="0001"/>
			<Cell CellID="M_15" CellID2="AN_25" Encode="1" Receive="1" Value="46165" StatusID="0001"/>
			<Cell CellID="N_15" CellID2="AR_25" Encode="1" Receive="1" Value="" StatusID="0001"/>
		</Cells>
		<Cells>
			<Cell CellID="C_16" CellID2="AU_26" FirstCell="1" Encode="0" Receive="1" Value="" StatusID="0001"/>
			<Cell CellID="D_16" CellID2="C_26" Encode="1" Receive="1" Value="01GTKT2/001" StatusID="0001"/>
			<Cell CellID="E_16" CellID2="E_26" Encode="1" Receive="1" Value="AA/13P" StatusID="0001"/>
			<Cell CellID="F_16" CellID2="G_26" Encode="1" Receive="1" Value="0037183" StatusID="0001"/>
			<Cell CellID="G_16" CellID2="M_26" Encode="1" Receive="1" Value="03/03/2014" StatusID="0001"/>
			<Cell CellID="H_16" CellID2="R_26" Encode="1" Receive="1" Value="Trung Tâm Đăng Kiểm Xe Cơ Giới" StatusID="0001"/>
			<Cell CellID="I_16" CellID2="X_26" Encode="1" Receive="1" Value="0301125901" StatusID="0001"/>
			<Cell CellID="J_16" CellID2="AB_26" Encode="1" Receive="1" Value="Phí kiểm định xe ô tô" StatusID="0001"/>
			<Cell CellID="K_16" CellID2="AF_26" Encode="1" Receive="1" Value="218182" StatusID="0001"/>
			<Cell CellID="L_16" CellID2="AJ_26" Encode="1" Receive="1" Value="10" StatusID="0001"/>
			<Cell CellID="M_16" CellID2="AN_26" Encode="1" Receive="1" Value="21818" StatusID="0001"/>
			<Cell CellID="N_16" CellID2="AR_26" Encode="1" Receive="1" Value="" StatusID="0001"/>
		</Cells>
		<Cells>
			<Cell CellID="C_17" CellID2="AU_27" FirstCell="1" Encode="0" Receive="1" Value="" StatusID="0001"/>
			<Cell CellID="D_17" CellID2="C_27" Encode="1" Receive="1" Value="01GTKT2/001" StatusID="0001"/>
			<Cell CellID="E_17" CellID2="E_27" Encode="1" Receive="1" Value="QT/14T" StatusID="0001"/>
			<Cell CellID="F_17" CellID2="G_27" Encode="1" Receive="1" Value="0027329" StatusID="0001"/>
			<Cell CellID="G_17" CellID2="M_27" Encode="1" Receive="1" Value="19/03/2014" StatusID="0001"/>
			<Cell CellID="H_17" CellID2="R_27" Encode="1" Receive="1" Value="NH Eximbank CN Quận 4" StatusID="0001"/>
			<Cell CellID="I_17" CellID2="X_27" Encode="1" Receive="1" Value="0301179079-035" StatusID="0001"/>
			<Cell CellID="J_17" CellID2="AB_27" Encode="1" Receive="1" Value="Phí dịch vụ thông báo số dư tự động" StatusID="0001"/>
			<Cell CellID="K_17" CellID2="AF_27" Encode="1" Receive="1" Value="30000" StatusID="0001"/>
			<Cell CellID="L_17" CellID2="AJ_27" Encode="1" Receive="1" Value="10" StatusID="0001"/>
			<Cell CellID="M_17" CellID2="AN_27" Encode="1" Receive="1" Value="3000" StatusID="0001"/>
			<Cell CellID="N_17" CellID2="AR_27" Encode="1" Receive="1" Value="" StatusID="0001"/>
		</Cells>
		<Cells>
			<Cell CellID="C_18" CellID2="AU_28" FirstCell="1" Encode="0" Receive="1" Value="" StatusID="0001"/>
			<Cell CellID="D_18" CellID2="C_28" Encode="1" Receive="1" Value="01GTKT2/001" StatusID="0001"/>
			<Cell CellID="E_18" CellID2="E_28" Encode="1" Receive="1" Value="QT/14T" StatusID="0001"/>
			<Cell CellID="F_18" CellID2="G_28" Encode="1" Receive="1" Value="0027330" StatusID="0001"/>
			<Cell CellID="G_18" CellID2="M_28" Encode="1" Receive="1" Value="19/03/2014" StatusID="0001"/>
			<Cell CellID="H_18" CellID2="R_28" Encode="1" Receive="1" Value="NH Eximbank CN Quận 4" StatusID="0001"/>
			<Cell CellID="I_18" CellID2="X_28" Encode="1" Receive="1" Value="0301179079-035" StatusID="0001"/>
			<Cell CellID="J_18" CellID2="AB_28" Encode="1" Receive="1" Value="Phí dịch vụ thông báo số dư tự động" StatusID="0001"/>
			<Cell CellID="K_18" CellID2="AF_28" Encode="1" Receive="1" Value="30000" StatusID="0001"/>
			<Cell CellID="L_18" CellID2="AJ_28" Encode="1" Receive="1" Value="10" StatusID="0001"/>
			<Cell CellID="M_18" CellID2="AN_28" Encode="1" Receive="1" Value="3000" StatusID="0001"/>
			<Cell CellID="N_18" CellID2="AR_28" Encode="1" Receive="1" Value="" StatusID="0001"/>
		</Cells>
		<Cells>
			<Cell CellID="C_19" CellID2="AU_29" FirstCell="1" Encode="0" Receive="1" Value="" StatusID="0001"/>
			<Cell CellID="D_19" CellID2="C_29" Encode="1" Receive="1" Value="01GTKT2/001" StatusID="0001"/>
			<Cell CellID="E_19" CellID2="E_29" Encode="1" Receive="1" Value="QT/14T" StatusID="0001"/>
			<Cell CellID="F_19" CellID2="G_29" Encode="1" Receive="1" Value="0027331" StatusID="0001"/>
			<Cell CellID="G_19" CellID2="M_29" Encode="1" Receive="1" Value="19/03/2014" StatusID="0001"/>
			<Cell CellID="H_19" CellID2="R_29" Encode="1" Receive="1" Value="NH Eximbank CN Quận 4" StatusID="0001"/>
			<Cell CellID="I_19" CellID2="X_29" Encode="1" Receive="1" Value="0301179079-035" StatusID="0001"/>
			<Cell CellID="J_19" CellID2="AB_29" Encode="1" Receive="1" Value="Phí dịch vụ thông báo số dư tự động" StatusID="0001"/>
			<Cell CellID="K_19" CellID2="AF_29" Encode="1" Receive="1" Value="30000" StatusID="0001"/>
			<Cell CellID="L_19" CellID2="AJ_29" Encode="1" Receive="1" Value="10" StatusID="0001"/>
			<Cell CellID="M_19" CellID2="AN_29" Encode="1" Receive="1" Value="3000" StatusID="0001"/>
			<Cell CellID="N_19" CellID2="AR_29" Encode="1" Receive="1" Value="" StatusID="0001"/>
		</Cells>
		<Cells>
			<Cell CellID="C_20" CellID2="AU_30" FirstCell="1" Encode="0" Receive="1" Value="" StatusID="0001"/>
			<Cell CellID="D_20" CellID2="C_30" Encode="1" Receive="1" Value="01GTKT2/001" StatusID="0001"/>
			<Cell CellID="E_20" CellID2="E_30" Encode="1" Receive="1" Value="QT/14T" StatusID="0001"/>
			<Cell CellID="F_20" CellID2="G_30" Encode="1" Receive="1" Value="0027332" StatusID="0001"/>
			<Cell CellID="G_20" CellID2="M_30" Encode="1" Receive="1" Value="19/03/2014" StatusID="0001"/>
			<Cell CellID="H_20" CellID2="R_30" Encode="1" Receive="1" Value="NH Eximbank CN Quận 4" StatusID="0001"/>
			<Cell CellID="I_20" CellID2="X_30" Encode="1" Receive="1" Value="0301179079-035" StatusID="0001"/>
			<Cell CellID="J_20" CellID2="AB_30" Encode="1" Receive="1" Value="Phí dịch vụ thông báo số dư tự động" StatusID="0001"/>
			<Cell CellID="K_20" CellID2="AF_30" Encode="1" Receive="1" Value="30000" StatusID="0001"/>
			<Cell CellID="L_20" CellID2="AJ_30" Encode="1" Receive="1" Value="10" StatusID="0001"/>
			<Cell CellID="M_20" CellID2="AN_30" Encode="1" Receive="1" Value="3000" StatusID="0001"/>
			<Cell CellID="N_20" CellID2="AR_30" Encode="1" Receive="1" Value="" StatusID="0001"/>
		</Cells>
		<Cells>
			<Cell CellID="C_21" CellID2="AU_31" FirstCell="1" Encode="0" Receive="1" Value="" StatusID="0001"/>
			<Cell CellID="D_21" CellID2="C_31" Encode="1" Receive="1" Value="01GTKT2/001" StatusID="0001"/>
			<Cell CellID="E_21" CellID2="E_31" Encode="1" Receive="1" Value="QT/14T" StatusID="0001"/>
			<Cell CellID="F_21" CellID2="G_31" Encode="1" Receive="1" Value="8/14" StatusID="0001"/>
			<Cell CellID="G_21" CellID2="M_31" Encode="1" Receive="1" Value="19/03/2014" StatusID="0001"/>
			<Cell CellID="H_21" CellID2="R_31" Encode="1" Receive="1" Value="NH Eximbank CN Quận 4" StatusID="0001"/>
			<Cell CellID="I_21" CellID2="X_31" Encode="1" Receive="1" Value="0301179079-035" StatusID="0001"/>
			<Cell CellID="J_21" CellID2="AB_31" Encode="1" Receive="1" Value="Phí dịch vụ thông báo số dư tự động" StatusID="0001"/>
			<Cell CellID="K_21" CellID2="AF_31" Encode="1" Receive="1" Value="30000" StatusID="0001"/>
			<Cell CellID="L_21" CellID2="AJ_31" Encode="1" Receive="1" Value="10" StatusID="0001"/>
			<Cell CellID="M_21" CellID2="AN_31" Encode="1" Receive="1" Value="3000" StatusID="0001"/>
			<Cell CellID="N_21" CellID2="AR_31" Encode="1" Receive="1" Value="" StatusID="0001"/>
		</Cells>
		<Cells>
			<Cell CellID="C_22" CellID2="AU_32" FirstCell="1" Encode="0" Receive="1" Value="" StatusID="0001"/>
			<Cell CellID="D_22" CellID2="C_32" Encode="1" Receive="1" Value="01GTKT2/001" StatusID="0001"/>
			<Cell CellID="E_22" CellID2="E_32" Encode="1" Receive="1" Value="QT/14T" StatusID="0001"/>
			<Cell CellID="F_22" CellID2="G_32" Encode="1" Receive="1" Value="8/14" StatusID="0001"/>
			<Cell CellID="G_22" CellID2="M_32" Encode="1" Receive="1" Value="19/03/2014" StatusID="0001"/>
			<Cell CellID="H_22" CellID2="R_32" Encode="1" Receive="1" Value="NH Eximbank CN Quận 4" StatusID="0001"/>
			<Cell CellID="I_22" CellID2="X_32" Encode="1" Receive="1" Value="0301179079-035" StatusID="0001"/>
			<Cell CellID="J_22" CellID2="AB_32" Encode="1" Receive="1" Value="Phí dịch vụ thông báo số dư tự động" StatusID="0001"/>
			<Cell CellID="K_22" CellID2="AF_32" Encode="1" Receive="1" Value="30000" StatusID="0001"/>
			<Cell CellID="L_22" CellID2="AJ_32" Encode="1" Receive="1" Value="10" StatusID="0001"/>
			<Cell CellID="M_22" CellID2="AN_32" Encode="1" Receive="1" Value="3000" StatusID="0001"/>
			<Cell CellID="N_22" CellID2="AR_32" Encode="1" Receive="1" Value="" StatusID="0001"/>
		</Cells>
		<Cells>
			<Cell CellID="C_23" CellID2="AU_33" FirstCell="1" Encode="0" Receive="1" Value="" StatusID="0001"/>
			<Cell CellID="D_23" CellID2="C_33" Encode="1" Receive="1" Value="01GTKT2/001" StatusID="0001"/>
			<Cell CellID="E_23" CellID2="E_33" Encode="1" Receive="1" Value="MM/14T" StatusID="0001"/>
			<Cell CellID="F_23" CellID2="G_33" Encode="1" Receive="1" Value="0024487" StatusID="0001"/>
			<Cell CellID="G_23" CellID2="M_33" Encode="1" Receive="1" Value="19/03/2014" StatusID="0001"/>
			<Cell CellID="H_23" CellID2="R_33" Encode="1" Receive="1" Value="NH Eximbank CN Quận 11" StatusID="0001"/>
			<Cell CellID="I_23" CellID2="X_33" Encode="1" Receive="1" Value="0301179079-039" StatusID="0001"/>
			<Cell CellID="J_23" CellID2="AB_33" Encode="1" Receive="1" Value="Phí dịch vụ thông báo số dư tự động" StatusID="0001"/>
			<Cell CellID="K_23" CellID2="AF_33" Encode="1" Receive="1" Value="30000" StatusID="0001"/>
			<Cell CellID="L_23" CellID2="AJ_33" Encode="1" Receive="1" Value="10" StatusID="0001"/>
			<Cell CellID="M_23" CellID2="AN_33" Encode="1" Receive="1" Value="3000" StatusID="0001"/>
			<Cell CellID="N_23" CellID2="AR_33" Encode="1" Receive="1" Value="" StatusID="0001"/>
		</Cells>
		<Cells>
			<Cell CellID="C_24" CellID2="AU_34" FirstCell="1" Encode="0" Receive="1" Value="" StatusID="0001"/>
			<Cell CellID="D_24" CellID2="C_34" Encode="1" Receive="1" Value="01GTKT2/001" StatusID="0001"/>
			<Cell CellID="E_24" CellID2="E_34" Encode="1" Receive="1" Value="MM/14T" StatusID="0001"/>
			<Cell CellID="F_24" CellID2="G_34" Encode="1" Receive="1" Value="0024488" StatusID="0001"/>
			<Cell CellID="G_24" CellID2="M_34" Encode="1" Receive="1" Value="19/03/2014" StatusID="0001"/>
			<Cell CellID="H_24" CellID2="R_34" Encode="1" Receive="1" Value="NH Eximbank CN Quận 11" StatusID="0001"/>
			<Cell CellID="I_24" CellID2="X_34" Encode="1" Receive="1" Value="0301179079-039" StatusID="0001"/>
			<Cell CellID="J_24" CellID2="AB_34" Encode="1" Receive="1" Value="Phí dịch vụ thông báo số dư tự động" StatusID="0001"/>
			<Cell CellID="K_24" CellID2="AF_34" Encode="1" Receive="1" Value="30000" StatusID="0001"/>
			<Cell CellID="L_24" CellID2="AJ_34" Encode="1" Receive="1" Value="10" StatusID="0001"/>
			<Cell CellID="M_24" CellID2="AN_34" Encode="1" Receive="1" Value="3000" StatusID="0001"/>
			<Cell CellID="N_24" CellID2="AR_34" Encode="1" Receive="1" Value="" StatusID="0001"/>
		</Cells>
		<Cells>
			<Cell CellID="C_25" CellID2="AU_35" FirstCell="1" Encode="0" Receive="1" Value="" StatusID="0001"/>
			<Cell CellID="D_25" CellID2="C_35" Encode="1" Receive="1" Value="01GTKT2/001" StatusID="0001"/>
			<Cell CellID="E_25" CellID2="E_35" Encode="1" Receive="1" Value="MM/14T" StatusID="0001"/>
			<Cell CellID="F_25" CellID2="G_35" Encode="1" Receive="1" Value="0024489" StatusID="0001"/>
			<Cell CellID="G_25" CellID2="M_35" Encode="1" Receive="1" Value="19/03/2014" StatusID="0001"/>
			<Cell CellID="H_25" CellID2="R_35" Encode="1" Receive="1" Value="NH Eximbank CN Quận 11" StatusID="0001"/>
			<Cell CellID="I_25" CellID2="X_35" Encode="1" Receive="1" Value="0301179079-039" StatusID="0001"/>
			<Cell CellID="J_25" CellID2="AB_35" Encode="1" Receive="1" Value="Phí dịch vụ thông báo số dư tự động" StatusID="0001"/>
			<Cell CellID="K_25" CellID2="AF_35" Encode="1" Receive="1" Value="30000" StatusID="0001"/>
			<Cell CellID="L_25" CellID2="AJ_35" Encode="1" Receive="1" Value="10" StatusID="0001"/>
			<Cell CellID="M_25" CellID2="AN_35" Encode="1" Receive="1" Value="3000" StatusID="0001"/>
			<Cell CellID="N_25" CellID2="AR_35" Encode="1" Receive="1" Value="" StatusID="0001"/>
		</Cells>
		<Cells>
			<Cell CellID="C_26" CellID2="AU_36" FirstCell="1" Encode="0" Receive="1" Value="" StatusID="0001"/>
			<Cell CellID="D_26" CellID2="C_36" Encode="1" Receive="1" Value="01GTKT2/001" StatusID="0001"/>
			<Cell CellID="E_26" CellID2="E_36" Encode="1" Receive="1" Value="MM/14T" StatusID="0001"/>
			<Cell CellID="F_26" CellID2="G_36" Encode="1" Receive="1" Value="0024490" StatusID="0001"/>
			<Cell CellID="G_26" CellID2="M_36" Encode="1" Receive="1" Value="19/03/2014" StatusID="0001"/>
			<Cell CellID="H_26" CellID2="R_36" Encode="1" Receive="1" Value="NH Eximbank CN Quận 11" StatusID="0001"/>
			<Cell CellID="I_26" CellID2="X_36" Encode="1" Receive="1" Value="0301179079-039" StatusID="0001"/>
			<Cell CellID="J_26" CellID2="AB_36" Encode="1" Receive="1" Value="Phí dịch vụ thông báo số dư tự động" StatusID="0001"/>
			<Cell CellID="K_26" CellID2="AF_36" Encode="1" Receive="1" Value="6573" StatusID="0001"/>
			<Cell CellID="L_26" CellID2="AJ_36" Encode="1" Receive="1" Value="10" StatusID="0001"/>
			<Cell CellID="M_26" CellID2="AN_36" Encode="1" Receive="1" Value="657" StatusID="0001"/>
			<Cell CellID="N_26" CellID2="AR_36" Encode="1" Receive="1" Value="" StatusID="0001"/>
		</Cells>
	</Section>
	<Section Dynamic="1" MaxRows="0">
		<Cells>
			<Cell CellID="C_31" CellID2="AU_41" FirstCell="0" Encode="0" Receive="1" Value="" StatusID="0001"/>
			<Cell CellID="D_31" CellID2="C_41" Encode="1" Receive="1" Value="" StatusID="0001"/>
			<Cell CellID="E_31" CellID2="E_41" Encode="1" Receive="1" Value="" StatusID="0001"/>
			<Cell CellID="F_31" CellID2="G_41" Encode="1" Receive="1" Value="" StatusID="0001"/>
			<Cell CellID="G_31" CellID2="M_41" Encode="1" Receive="1" Value="" StatusID="0001"/>
			<Cell CellID="H_31" CellID2="R_41" Encode="1" Receive="1" Value="" StatusID="0001"/>
			<Cell CellID="I_31" CellID2="X_41" Encode="1" Receive="1" Value="" StatusID="0001"/>
			<Cell CellID="J_31" CellID2="AB_41" Encode="1" Receive="1" Value="" StatusID="0001"/>
			<Cell CellID="K_31" CellID2="AF_41" Encode="1" Receive="1" Value="0" StatusID="0001"/>
			<Cell CellID="L_31" CellID2="AJ_41" Encode="1" Receive="1" Value="0" StatusID="0001"/>
			<Cell CellID="M_31" CellID2="AN_41" Encode="1" Receive="1" Value="0" StatusID="0001"/>
			<Cell CellID="N_31" CellID2="AR_41" Encode="1" Receive="1" Value="" StatusID="0001"/>
		</Cells>
	</Section>
	<Section Dynamic="1" MaxRows="0">
		<Cells>
			<Cell CellID="C_36" CellID2="AU_46" FirstCell="0" Encode="0" Receive="1" Value="" StatusID="0001"/>
			<Cell CellID="D_36" CellID2="C_46" Encode="1" Receive="1" Value="" StatusID="0001"/>
			<Cell CellID="E_36" CellID2="E_46" Encode="1" Receive="1" Value="" StatusID="0001"/>
			<Cell CellID="F_36" CellID2="G_46" Encode="1" Receive="1" Value="" StatusID="0001"/>
			<Cell CellID="G_36" CellID2="M_46" Encode="1" Receive="1" Value="" StatusID="0001"/>
			<Cell CellID="H_36" CellID2="R_46" Encode="1" Receive="1" Value="" StatusID="0001"/>
			<Cell CellID="I_36" CellID2="X_46" Encode="1" Receive="1" Value="" StatusID="0001"/>
			<Cell CellID="J_36" CellID2="AB_46" Encode="1" Receive="1" Value="" StatusID="0001"/>
			<Cell CellID="K_36" CellID2="AF_46" Encode="1" Receive="1" Value="0" StatusID="0001"/>
			<Cell CellID="L_36" CellID2="AJ_46" Encode="1" Receive="1" Value="0" StatusID="0001"/>
			<Cell CellID="M_36" CellID2="AN_46" Encode="1" Receive="1" Value="0" StatusID="0001"/>
			<Cell CellID="N_36" CellID2="AR_46" Encode="1" Receive="1" Value="" StatusID="0001"/>
		</Cells>
	</Section>
	<Section Dynamic="1" MaxRows="0">
		<Cells>
			<Cell CellID="C_41" CellID2="AU_51" FirstCell="0" Encode="0" Receive="1" Value="" StatusID="0001"/>
			<Cell CellID="D_41" CellID2="C_51" Encode="1" Receive="1" Value="" StatusID="0001"/>
			<Cell CellID="E_41" CellID2="E_51" Encode="1" Receive="1" Value="" StatusID="0001"/>
			<Cell CellID="F_41" CellID2="G_51" Encode="1" Receive="1" Value="" StatusID="0001"/>
			<Cell CellID="G_41" CellID2="M_51" Encode="1" Receive="1" Value="" StatusID="0001"/>
			<Cell CellID="H_41" CellID2="R_51" Encode="1" Receive="1" Value="" StatusID="0001"/>
			<Cell CellID="I_41" CellID2="X_51" Encode="1" Receive="1" Value="" StatusID="0001"/>
			<Cell CellID="J_41" CellID2="AB_51" Encode="1" Receive="1" Value="" StatusID="0001"/>
			<Cell CellID="K_41" CellID2="AF_51" Encode="1" Receive="1" Value="0" StatusID="0001"/>
			<Cell CellID="L_41" CellID2="AJ_51" Encode="1" Receive="1" Value="0" StatusID="0001"/>
			<Cell CellID="M_41" CellID2="AN_51" Encode="1" Receive="1" Value="0" StatusID="0001"/>
			<Cell CellID="N_41" CellID2="AR_51" Encode="1" Receive="1" Value="" StatusID="0001"/>
		</Cells>
	</Section>
	<Section Dynamic="1" MaxRows="0">
		<Cells>
			<Cell CellID="C_46" CellID2="AU_56" FirstCell="0" Encode="0" Receive="1" Value="" StatusID="0001"/>
			<Cell CellID="D_46" CellID2="C_56" Encode="1" Receive="1" Value="" StatusID="0001"/>
			<Cell CellID="E_46" CellID2="E_56" Encode="1" Receive="1" Value="" StatusID="0001"/>
			<Cell CellID="F_46" CellID2="G_56" Encode="1" Receive="1" Value="" StatusID="0001"/>
			<Cell CellID="G_46" CellID2="M_56" Encode="1" Receive="1" Value="" StatusID="0001"/>
			<Cell CellID="H_46" CellID2="R_56" Encode="1" Receive="1" Value="" StatusID="0001"/>
			<Cell CellID="I_46" CellID2="X_56" Encode="1" Receive="1" Value="" StatusID="0001"/>
			<Cell CellID="J_46" CellID2="AB_56" Encode="1" Receive="1" Value="" StatusID="0001"/>
			<Cell CellID="K_46" CellID2="AF_56" Encode="1" Receive="1" Value="0" StatusID="0001"/>
			<Cell CellID="L_46" CellID2="AJ_56" Encode="1" Receive="1" Value="0" StatusID="0001"/>
			<Cell CellID="M_46" CellID2="AN_56" Encode="1" Receive="1" Value="0" StatusID="0001"/>
			<Cell CellID="N_46" CellID2="AR_56" Encode="1" Receive="1" Value="" StatusID="0001"/>
		</Cells>
	</Section>
	<Section Dynamic="0" MaxRows="0">
		<Cells>
			<Cell CellID="H_59" CellID2="V_65" Encode="1" Value="8269790"/>
			<Cell CellID="H_60" CellID2="V_67" Encode="1" Value="827125"/>
		</Cells>
	</Section>
</Sections>
