<!-- edited with XML Spy v4.1 U (http://www.xmlspy.com) by CMCSoft-->
<!DOCTYPE Sections SYSTEM "..\..\InterfaceTemplates\Schema.dtd">
<Sections Version="321">
	<Section Dynamic="1" MaxRows="0">
		<Cells>
			<Cell CellID="C_8" CellID2="AU_18" FirstCell="0" Encode="0" Receive="1" Value="" StatusID="0001"/>
			<Cell CellID="D_8" CellID2="C_18" Encode="1" Receive="1" Value="" StatusID="0001"/>
			<Cell CellID="E_8" CellID2="E_18" Encode="1" Receive="1" Value="" StatusID="0001"/>
			<Cell CellID="F_8" CellID2="G_18" Encode="1" Receive="1" Value="" StatusID="0001"/>
			<Cell CellID="G_8" CellID2="M_18" Encode="1" Receive="1" Value="" StatusID="0001"/>
			<Cell CellID="H_8" CellID2="R_18" Encode="1" Receive="1" Value="" StatusID="0001"/>
			<Cell CellID="I_8" CellID2="X_18" Encode="1" Receive="1" Value="" StatusID="0001"/>
			<Cell CellID="J_8" CellID2="AB_18" Encode="1" Receive="1" Value="" StatusID="0001"/>
			<Cell CellID="K_8" CellID2="AF_18" Encode="1" Receive="1" Value="0" StatusID="0001"/>
			<Cell CellID="M_8" CellID2="AN_18" Encode="1" Receive="1" Value="0" StatusID="0001"/>
			<Cell CellID="N_8" CellID2="AR_18" Encode="1" Receive="1" Value="" StatusID="0001"/>
		</Cells>
	</Section>
	<Section Dynamic="1" MaxRows="0">
		<Cells>
			<Cell CellID="C_13" CellID2="AU_23" FirstCell="0" Encode="0" Receive="1" Value="" StatusID="0001"/>
			<Cell CellID="D_13" CellID2="C_23" Encode="1" Receive="1" Value="01GTKT3/001" StatusID="0001"/>
			<Cell CellID="E_13" CellID2="E_23" Encode="1" Receive="1" Value="AL/11P" StatusID="0001"/>
			<Cell CellID="F_13" CellID2="G_23" Encode="1" Receive="1" Value="0000050" StatusID="0001"/>
			<Cell CellID="G_13" CellID2="M_23" Encode="1" Receive="1" Value="13/08/2014" StatusID="0001"/>
			<Cell CellID="H_13" CellID2="R_23" Encode="1" Receive="1" Value="CÔNG TY CỔ PHẦN KINH DOANH THUỶ HẢI SẢN SÀI GÒN" StatusID="0001"/>
			<Cell CellID="I_13" CellID2="X_23" Encode="1" Receive="1" Value="0300523755" StatusID="0001"/>
			<Cell CellID="J_13" CellID2="AB_23" Encode="1" Receive="1" Value="Khô cá chỉ vàng mặn" StatusID="0001"/>
			<Cell CellID="K_13" CellID2="AF_23" Encode="1" Receive="1" Value="1420677528" StatusID="0001"/>
			<Cell CellID="M_13" CellID2="AN_23" Encode="1" Receive="1" Value="0" StatusID="0001"/>
			<Cell CellID="N_13" CellID2="AR_23" Encode="1" Receive="1" Value="" StatusID="0001"/>
		</Cells>
		<Cells>
			<Cell CellID="C_14" CellID2="AU_24" FirstCell="1" Encode="0" Receive="1" Value="" StatusID="0001"/>
			<Cell CellID="D_14" CellID2="C_24" Encode="1" Receive="1" Value="01GTKT3/001" StatusID="0001"/>
			<Cell CellID="E_14" CellID2="E_24" Encode="1" Receive="1" Value="AL/11P" StatusID="0001"/>
			<Cell CellID="F_14" CellID2="G_24" Encode="1" Receive="1" Value="0000050" StatusID="0001"/>
			<Cell CellID="G_14" CellID2="M_24" Encode="1" Receive="1" Value="13/08/2014" StatusID="0001"/>
			<Cell CellID="H_14" CellID2="R_24" Encode="1" Receive="1" Value="CÔNG TY CỔ PHẦN KINH DOANH THUỶ HẢI SẢN SÀI GÒN" StatusID="0001"/>
			<Cell CellID="I_14" CellID2="X_24" Encode="1" Receive="1" Value="0300523755" StatusID="0001"/>
			<Cell CellID="J_14" CellID2="AB_24" Encode="1" Receive="1" Value="Khô cá cơm muối mặn" StatusID="0001"/>
			<Cell CellID="K_14" CellID2="AF_24" Encode="1" Receive="1" Value="826363170" StatusID="0001"/>
			<Cell CellID="M_14" CellID2="AN_24" Encode="1" Receive="1" Value="0" StatusID="0001"/>
			<Cell CellID="N_14" CellID2="AR_24" Encode="1" Receive="1" Value="" StatusID="0001"/>
		</Cells>
		<Cells>
			<Cell CellID="C_15" CellID2="AU_25" FirstCell="1" Encode="0" Receive="1" Value="" StatusID="0001"/>
			<Cell CellID="D_15" CellID2="C_25" Encode="1" Receive="1" Value="01GTKT3/001" StatusID="0001"/>
			<Cell CellID="E_15" CellID2="E_25" Encode="1" Receive="1" Value="AL/11P" StatusID="0001"/>
			<Cell CellID="F_15" CellID2="G_25" Encode="1" Receive="1" Value="0000051" StatusID="0001"/>
			<Cell CellID="G_15" CellID2="M_25" Encode="1" Receive="1" Value="18/08/2014" StatusID="0001"/>
			<Cell CellID="H_15" CellID2="R_25" Encode="1" Receive="1" Value="BIZMAX CO., LTD" StatusID="0001"/>
			<Cell CellID="I_15" CellID2="X_25" Encode="1" Receive="1" Value="" StatusID="0001"/>
			<Cell CellID="J_15" CellID2="AB_25" Encode="1" Receive="1" Value="Ghẹ khô tẩm nướng" StatusID="0001"/>
			<Cell CellID="K_15" CellID2="AF_25" Encode="1" Receive="1" Value="909413784" StatusID="0001"/>
			<Cell CellID="M_15" CellID2="AN_25" Encode="1" Receive="1" Value="0" StatusID="0001"/>
			<Cell CellID="N_15" CellID2="AR_25" Encode="1" Receive="1" Value="" StatusID="0001"/>
		</Cells>
	</Section>
	<Section Dynamic="1" MaxRows="0">
		<Cells>
			<Cell CellID="C_20" CellID2="AU_30" FirstCell="0" Encode="0" Receive="1" Value="" StatusID="0001"/>
			<Cell CellID="D_20" CellID2="C_30" Encode="1" Receive="1" Value="" StatusID="0001"/>
			<Cell CellID="E_20" CellID2="E_30" Encode="1" Receive="1" Value="" StatusID="0001"/>
			<Cell CellID="F_20" CellID2="G_30" Encode="1" Receive="1" Value="" StatusID="0001"/>
			<Cell CellID="G_20" CellID2="M_30" Encode="1" Receive="1" Value="" StatusID="0001"/>
			<Cell CellID="H_20" CellID2="R_30" Encode="1" Receive="1" Value="" StatusID="0001"/>
			<Cell CellID="I_20" CellID2="X_30" Encode="1" Receive="1" Value="" StatusID="0001"/>
			<Cell CellID="J_20" CellID2="AB_30" Encode="1" Receive="1" Value="" StatusID="0001"/>
			<Cell CellID="K_20" CellID2="AF_30" Encode="1" Receive="1" Value="0" StatusID="0001"/>
			<Cell CellID="M_20" CellID2="AN_30" Encode="1" Receive="1" Value="0" StatusID="0001"/>
			<Cell CellID="N_20" CellID2="AR_30" Encode="1" Receive="1" Value="" StatusID="0001"/>
		</Cells>
	</Section>
	<Section Dynamic="1" MaxRows="0">
		<Cells>
			<Cell CellID="C_25" CellID2="AU_35" FirstCell="0" Encode="0" Receive="1" Value="" StatusID="0001"/>
			<Cell CellID="D_25" CellID2="C_35" Encode="1" Receive="1" Value="" StatusID="0001"/>
			<Cell CellID="E_25" CellID2="E_35" Encode="1" Receive="1" Value="" StatusID="0001"/>
			<Cell CellID="F_25" CellID2="G_35" Encode="1" Receive="1" Value="" StatusID="0001"/>
			<Cell CellID="G_25" CellID2="M_35" Encode="1" Receive="1" Value="" StatusID="0001"/>
			<Cell CellID="H_25" CellID2="R_35" Encode="1" Receive="1" Value="" StatusID="0001"/>
			<Cell CellID="I_25" CellID2="X_35" Encode="1" Receive="1" Value="" StatusID="0001"/>
			<Cell CellID="J_25" CellID2="AB_35" Encode="1" Receive="1" Value="" StatusID="0001"/>
			<Cell CellID="K_25" CellID2="AF_35" Encode="1" Receive="1" Value="0" StatusID="0001"/>
			<Cell CellID="M_25" CellID2="AN_35" Encode="1" Receive="1" Value="0" StatusID="0001"/>
			<Cell CellID="N_25" CellID2="AR_35" Encode="1" Receive="1" Value="" StatusID="0001"/>
		</Cells>
	</Section>
	<Section Dynamic="1" MaxRows="0">
		<Cells>
			<Cell CellID="C_30" CellID2="AU_40" FirstCell="0" Encode="0" Receive="1" Value="" StatusID="0001"/>
			<Cell CellID="D_30" CellID2="C_40" Encode="1" Receive="1" Value="" StatusID="0001"/>
			<Cell CellID="E_30" CellID2="E_40" Encode="1" Receive="1" Value="" StatusID="0001"/>
			<Cell CellID="F_30" CellID2="G_40" Encode="1" Receive="1" Value="" StatusID="0001"/>
			<Cell CellID="G_30" CellID2="M_40" Encode="1" Receive="1" Value="" StatusID="0001"/>
			<Cell CellID="H_30" CellID2="R_40" Encode="1" Receive="1" Value="" StatusID="0001"/>
			<Cell CellID="I_30" CellID2="X_40" Encode="1" Receive="1" Value="" StatusID="0001"/>
			<Cell CellID="J_30" CellID2="AB_40" Encode="1" Receive="1" Value="" StatusID="0001"/>
			<Cell CellID="K_30" CellID2="AF_40" Encode="1" Receive="1" Value="0" StatusID="0001"/>
			<Cell CellID="M_30" CellID2="AN_40" Encode="1" Receive="1" Value="0" StatusID="0001"/>
			<Cell CellID="N_30" CellID2="AR_40" Encode="1" Receive="1" Value="" StatusID="0001"/>
		</Cells>
	</Section>
	<Section Dynamic="0" MaxRows="0">
		<Cells>
			<Cell CellID="H_34" CellID2="V_44" Encode="1" Value="3156454482"/>
			<Cell CellID="H_35" CellID2="V_46" Encode="1" Value="3156454482"/>
			<Cell CellID="H_36" CellID2="V_48" Encode="1" Value="0"/>
		</Cells>
	</Section>
</Sections>
