<!-- edited with XML Spy v4.1 U (http://www.xmlspy.com) by CMCSoft-->
<!DOCTYPE Sections SYSTEM "..\..\InterfaceTemplates\Schema.dtd">
<Sections Version="321">
	<Section Dynamic="1" MaxRows="0">
		<Cells>
			<Cell CellID="C_8" CellID2="AU_18" FirstCell="0" Encode="0" Receive="1" Value="" StatusID="0001"/>
			<Cell CellID="D_8" CellID2="C_18" Encode="1" Receive="1" Value="" StatusID="0001"/>
			<Cell CellID="E_8" CellID2="E_18" Encode="1" Receive="1" Value="" StatusID="0001"/>
			<Cell CellID="F_8" CellID2="G_18" Encode="1" Receive="1" Value="0000050" StatusID="0001"/>
			<Cell CellID="G_8" CellID2="M_18" Encode="1" Receive="1" Value="30/12/2014" StatusID="0001"/>
			<Cell CellID="H_8" CellID2="R_18" Encode="1" Receive="1" Value="Công Ty TNHH TM XNK Vận Tải Vĩnh Phát" StatusID="0001"/>
			<Cell CellID="I_8" CellID2="X_18" Encode="1" Receive="1" Value="0312991194" StatusID="0001"/>
			<Cell CellID="J_8" CellID2="AB_18" Encode="1" Receive="1" Value="Cước vận chuyển" StatusID="0001"/>
			<Cell CellID="K_8" CellID2="AF_18" Encode="1" Receive="1" Value="10800000" StatusID="0001"/>
			<Cell CellID="L_8" CellID2="AJ_18" Encode="1" Receive="1" Value="10" StatusID="0001"/>
			<Cell CellID="M_8" CellID2="AN_18" Encode="1" Receive="1" Value="1080000" StatusID="0001"/>
			<Cell CellID="N_8" CellID2="AR_18" Encode="1" Receive="1" Value="" StatusID="0001"/>
		</Cells>
		<Cells>
			<Cell CellID="C_9" CellID2="AU_19" FirstCell="1" Encode="0" Receive="1" Value="" StatusID="0001"/>
			<Cell CellID="D_9" CellID2="C_19" Encode="1" Receive="1" Value="" StatusID="0001"/>
			<Cell CellID="E_9" CellID2="E_19" Encode="1" Receive="1" Value="" StatusID="0001"/>
			<Cell CellID="F_9" CellID2="G_19" Encode="1" Receive="1" Value="1433477" StatusID="0001"/>
			<Cell CellID="G_9" CellID2="M_19" Encode="1" Receive="1" Value="31/12/2014" StatusID="0001"/>
			<Cell CellID="H_9" CellID2="R_19" Encode="1" Receive="1" Value="Trung Tâm Kinh Doanh VNPT Long An" StatusID="0001"/>
			<Cell CellID="I_9" CellID2="X_19" Encode="1" Receive="1" Value="1100109154-153" StatusID="0001"/>
			<Cell CellID="J_9" CellID2="AB_19" Encode="1" Receive="1" Value="Cước VT - CNTT T12/2014" StatusID="0001"/>
			<Cell CellID="K_9" CellID2="AF_19" Encode="1" Receive="1" Value="2238391" StatusID="0001"/>
			<Cell CellID="L_9" CellID2="AJ_19" Encode="1" Receive="1" Value="10" StatusID="0001"/>
			<Cell CellID="M_9" CellID2="AN_19" Encode="1" Receive="1" Value="223839" StatusID="0001"/>
			<Cell CellID="N_9" CellID2="AR_19" Encode="1" Receive="1" Value="" StatusID="0001"/>
		</Cells>
		<Cells>
			<Cell CellID="C_10" CellID2="AU_20" FirstCell="1" Encode="0" Receive="1" Value="" StatusID="0001"/>
			<Cell CellID="D_10" CellID2="C_20" Encode="1" Receive="1" Value="" StatusID="0001"/>
			<Cell CellID="E_10" CellID2="E_20" Encode="1" Receive="1" Value="" StatusID="0001"/>
			<Cell CellID="F_10" CellID2="G_20" Encode="1" Receive="1" Value="0000055" StatusID="0001"/>
			<Cell CellID="G_10" CellID2="M_20" Encode="1" Receive="1" Value="02/01/2015" StatusID="0001"/>
			<Cell CellID="H_10" CellID2="R_20" Encode="1" Receive="1" Value="Công Ty TNHH Công Nghệ Môi Trường Minh Việt" StatusID="0001"/>
			<Cell CellID="I_10" CellID2="X_20" Encode="1" Receive="1" Value="0312181545" StatusID="0001"/>
			<Cell CellID="J_10" CellID2="AB_20" Encode="1" Receive="1" Value="Tư vấn giám sát môi trường" StatusID="0001"/>
			<Cell CellID="K_10" CellID2="AF_20" Encode="1" Receive="1" Value="3325000" StatusID="0001"/>
			<Cell CellID="L_10" CellID2="AJ_20" Encode="1" Receive="1" Value="10" StatusID="0001"/>
			<Cell CellID="M_10" CellID2="AN_20" Encode="1" Receive="1" Value="332500" StatusID="0001"/>
			<Cell CellID="N_10" CellID2="AR_20" Encode="1" Receive="1" Value="" StatusID="0001"/>
		</Cells>
		<Cells>
			<Cell CellID="C_11" CellID2="AU_21" FirstCell="1" Encode="0" Receive="1" Value="" StatusID="0001"/>
			<Cell CellID="D_11" CellID2="C_21" Encode="1" Receive="1" Value="" StatusID="0001"/>
			<Cell CellID="E_11" CellID2="E_21" Encode="1" Receive="1" Value="" StatusID="0001"/>
			<Cell CellID="F_11" CellID2="G_21" Encode="1" Receive="1" Value="0203057" StatusID="0001"/>
			<Cell CellID="G_11" CellID2="M_21" Encode="1" Receive="1" Value="06/01/2015" StatusID="0001"/>
			<Cell CellID="H_11" CellID2="R_21" Encode="1" Receive="1" Value="Công Ty CP Vật Tư - Xăng Dầu (COMECO)" StatusID="0001"/>
			<Cell CellID="I_11" CellID2="X_21" Encode="1" Receive="1" Value="0300450673" StatusID="0001"/>
			<Cell CellID="J_11" CellID2="AB_21" Encode="1" Receive="1" Value="Xăng RON 95" StatusID="0001"/>
			<Cell CellID="K_11" CellID2="AF_21" Encode="1" Receive="1" Value="890400" StatusID="0001"/>
			<Cell CellID="L_11" CellID2="AJ_21" Encode="1" Receive="1" Value="10" StatusID="0001"/>
			<Cell CellID="M_11" CellID2="AN_21" Encode="1" Receive="1" Value="89040" StatusID="0001"/>
			<Cell CellID="N_11" CellID2="AR_21" Encode="1" Receive="1" Value="" StatusID="0001"/>
		</Cells>
		<Cells>
			<Cell CellID="C_12" CellID2="AU_22" FirstCell="1" Encode="0" Receive="1" Value="" StatusID="0001"/>
			<Cell CellID="D_12" CellID2="C_22" Encode="1" Receive="1" Value="" StatusID="0001"/>
			<Cell CellID="E_12" CellID2="E_22" Encode="1" Receive="1" Value="" StatusID="0001"/>
			<Cell CellID="F_12" CellID2="G_22" Encode="1" Receive="1" Value="0067266" StatusID="0001"/>
			<Cell CellID="G_12" CellID2="M_22" Encode="1" Receive="1" Value="06/01/2015" StatusID="0001"/>
			<Cell CellID="H_12" CellID2="R_22" Encode="1" Receive="1" Value="Công Ty Liên Doanh Phát Triển Tiếp Vận Số 1" StatusID="0001"/>
			<Cell CellID="I_12" CellID2="X_22" Encode="1" Receive="1" Value="0300602277" StatusID="0001"/>
			<Cell CellID="J_12" CellID2="AB_22" Encode="1" Receive="1" Value="Phí nâng hạ - đầy" StatusID="0001"/>
			<Cell CellID="K_12" CellID2="AF_22" Encode="1" Receive="1" Value="231818" StatusID="0001"/>
			<Cell CellID="L_12" CellID2="AJ_22" Encode="1" Receive="1" Value="10" StatusID="0001"/>
			<Cell CellID="M_12" CellID2="AN_22" Encode="1" Receive="1" Value="23182" StatusID="0001"/>
			<Cell CellID="N_12" CellID2="AR_22" Encode="1" Receive="1" Value="" StatusID="0001"/>
		</Cells>
		<Cells>
			<Cell CellID="C_13" CellID2="AU_23" FirstCell="1" Encode="0" Receive="1" Value="" StatusID="0001"/>
			<Cell CellID="D_13" CellID2="C_23" Encode="1" Receive="1" Value="" StatusID="0001"/>
			<Cell CellID="E_13" CellID2="E_23" Encode="1" Receive="1" Value="" StatusID="0001"/>
			<Cell CellID="F_13" CellID2="G_23" Encode="1" Receive="1" Value="0066948" StatusID="0001"/>
			<Cell CellID="G_13" CellID2="M_23" Encode="1" Receive="1" Value="05/01/2015" StatusID="0001"/>
			<Cell CellID="H_13" CellID2="R_23" Encode="1" Receive="1" Value="Công Ty Liên Doanh Phát Triển Tiếp Vận Số 1" StatusID="0001"/>
			<Cell CellID="I_13" CellID2="X_23" Encode="1" Receive="1" Value="0300602277" StatusID="0001"/>
			<Cell CellID="J_13" CellID2="AB_23" Encode="1" Receive="1" Value="Phí nâng hạ - rỗng" StatusID="0001"/>
			<Cell CellID="K_13" CellID2="AF_23" Encode="1" Receive="1" Value="168182" StatusID="0001"/>
			<Cell CellID="L_13" CellID2="AJ_23" Encode="1" Receive="1" Value="10" StatusID="0001"/>
			<Cell CellID="M_13" CellID2="AN_23" Encode="1" Receive="1" Value="16818" StatusID="0001"/>
			<Cell CellID="N_13" CellID2="AR_23" Encode="1" Receive="1" Value="" StatusID="0001"/>
		</Cells>
		<Cells>
			<Cell CellID="C_14" CellID2="AU_24" FirstCell="1" Encode="0" Receive="1" Value="" StatusID="0001"/>
			<Cell CellID="D_14" CellID2="C_24" Encode="1" Receive="1" Value="" StatusID="0001"/>
			<Cell CellID="E_14" CellID2="E_24" Encode="1" Receive="1" Value="" StatusID="0001"/>
			<Cell CellID="F_14" CellID2="G_24" Encode="1" Receive="1" Value="0000298" StatusID="0001"/>
			<Cell CellID="G_14" CellID2="M_24" Encode="1" Receive="1" Value="06/01/2015" StatusID="0001"/>
			<Cell CellID="H_14" CellID2="R_24" Encode="1" Receive="1" Value="DNTN Nguyễn Văn Sáu" StatusID="0001"/>
			<Cell CellID="I_14" CellID2="X_24" Encode="1" Receive="1" Value="0301410810" StatusID="0001"/>
			<Cell CellID="J_14" CellID2="AB_24" Encode="1" Receive="1" Value="Xăng " StatusID="0001"/>
			<Cell CellID="K_14" CellID2="AF_24" Encode="1" Receive="1" Value="162545" StatusID="0001"/>
			<Cell CellID="L_14" CellID2="AJ_24" Encode="1" Receive="1" Value="10" StatusID="0001"/>
			<Cell CellID="M_14" CellID2="AN_24" Encode="1" Receive="1" Value="16255" StatusID="0001"/>
			<Cell CellID="N_14" CellID2="AR_24" Encode="1" Receive="1" Value="" StatusID="0001"/>
		</Cells>
		<Cells>
			<Cell CellID="C_15" CellID2="AU_25" FirstCell="1" Encode="0" Receive="1" Value="" StatusID="0001"/>
			<Cell CellID="D_15" CellID2="C_25" Encode="1" Receive="1" Value="" StatusID="0001"/>
			<Cell CellID="E_15" CellID2="E_25" Encode="1" Receive="1" Value="" StatusID="0001"/>
			<Cell CellID="F_15" CellID2="G_25" Encode="1" Receive="1" Value="0083297" StatusID="0001"/>
			<Cell CellID="G_15" CellID2="M_25" Encode="1" Receive="1" Value="08/01/2015" StatusID="0001"/>
			<Cell CellID="H_15" CellID2="R_25" Encode="1" Receive="1" Value="Công Ty TNHH TM &amp; DV Giang Nam" StatusID="0001"/>
			<Cell CellID="I_15" CellID2="X_25" Encode="1" Receive="1" Value="0304697569" StatusID="0001"/>
			<Cell CellID="J_15" CellID2="AB_25" Encode="1" Receive="1" Value="Phí nâng rỗng lạnh" StatusID="0001"/>
			<Cell CellID="K_15" CellID2="AF_25" Encode="1" Receive="1" Value="277273" StatusID="0001"/>
			<Cell CellID="L_15" CellID2="AJ_25" Encode="1" Receive="1" Value="10" StatusID="0001"/>
			<Cell CellID="M_15" CellID2="AN_25" Encode="1" Receive="1" Value="27727" StatusID="0001"/>
			<Cell CellID="N_15" CellID2="AR_25" Encode="1" Receive="1" Value="" StatusID="0001"/>
		</Cells>
		<Cells>
			<Cell CellID="C_16" CellID2="AU_26" FirstCell="1" Encode="0" Receive="1" Value="" StatusID="0001"/>
			<Cell CellID="D_16" CellID2="C_26" Encode="1" Receive="1" Value="" StatusID="0001"/>
			<Cell CellID="E_16" CellID2="E_26" Encode="1" Receive="1" Value="" StatusID="0001"/>
			<Cell CellID="F_16" CellID2="G_26" Encode="1" Receive="1" Value="0071159" StatusID="0001"/>
			<Cell CellID="G_16" CellID2="M_26" Encode="1" Receive="1" Value="08/01/2015" StatusID="0001"/>
			<Cell CellID="H_16" CellID2="R_26" Encode="1" Receive="1" Value="Công Ty Liên Doanh Phát Triển Tiếp Vận Số 1" StatusID="0001"/>
			<Cell CellID="I_16" CellID2="X_26" Encode="1" Receive="1" Value="0300602277" StatusID="0001"/>
			<Cell CellID="J_16" CellID2="AB_26" Encode="1" Receive="1" Value="Phí nâng hạ - đầy" StatusID="0001"/>
			<Cell CellID="K_16" CellID2="AF_26" Encode="1" Receive="1" Value="231818" StatusID="0001"/>
			<Cell CellID="L_16" CellID2="AJ_26" Encode="1" Receive="1" Value="10" StatusID="0001"/>
			<Cell CellID="M_16" CellID2="AN_26" Encode="1" Receive="1" Value="23182" StatusID="0001"/>
			<Cell CellID="N_16" CellID2="AR_26" Encode="1" Receive="1" Value="" StatusID="0001"/>
		</Cells>
		<Cells>
			<Cell CellID="C_17" CellID2="AU_27" FirstCell="1" Encode="0" Receive="1" Value="" StatusID="0001"/>
			<Cell CellID="D_17" CellID2="C_27" Encode="1" Receive="1" Value="" StatusID="0001"/>
			<Cell CellID="E_17" CellID2="E_27" Encode="1" Receive="1" Value="" StatusID="0001"/>
			<Cell CellID="F_17" CellID2="G_27" Encode="1" Receive="1" Value="0056987" StatusID="0001"/>
			<Cell CellID="G_17" CellID2="M_27" Encode="1" Receive="1" Value="09/01/2015" StatusID="0001"/>
			<Cell CellID="H_17" CellID2="R_27" Encode="1" Receive="1" Value="Trung Tâm Kỹ Thuật Đo Lường Chất Lượng 3" StatusID="0001"/>
			<Cell CellID="I_17" CellID2="X_27" Encode="1" Receive="1" Value="0301281040" StatusID="0001"/>
			<Cell CellID="J_17" CellID2="AB_27" Encode="1" Receive="1" Value="Đánh giá khô cá mai tẩm gia vị" StatusID="0001"/>
			<Cell CellID="K_17" CellID2="AF_27" Encode="1" Receive="1" Value="1545455" StatusID="0001"/>
			<Cell CellID="L_17" CellID2="AJ_27" Encode="1" Receive="1" Value="10" StatusID="0001"/>
			<Cell CellID="M_17" CellID2="AN_27" Encode="1" Receive="1" Value="154545" StatusID="0001"/>
			<Cell CellID="N_17" CellID2="AR_27" Encode="1" Receive="1" Value="" StatusID="0001"/>
		</Cells>
		<Cells>
			<Cell CellID="C_18" CellID2="AU_28" FirstCell="1" Encode="0" Receive="1" Value="" StatusID="0001"/>
			<Cell CellID="D_18" CellID2="C_28" Encode="1" Receive="1" Value="" StatusID="0001"/>
			<Cell CellID="E_18" CellID2="E_28" Encode="1" Receive="1" Value="" StatusID="0001"/>
			<Cell CellID="F_18" CellID2="G_28" Encode="1" Receive="1" Value="0203236" StatusID="0001"/>
			<Cell CellID="G_18" CellID2="M_28" Encode="1" Receive="1" Value="10/01/2015" StatusID="0001"/>
			<Cell CellID="H_18" CellID2="R_28" Encode="1" Receive="1" Value="Công Ty CP Vật Tư - Xăng Dầu (COMECO)" StatusID="0001"/>
			<Cell CellID="I_18" CellID2="X_28" Encode="1" Receive="1" Value="0300450673" StatusID="0001"/>
			<Cell CellID="J_18" CellID2="AB_28" Encode="1" Receive="1" Value="Xăng RON 95" StatusID="0001"/>
			<Cell CellID="K_18" CellID2="AF_28" Encode="1" Receive="1" Value="594655" StatusID="0001"/>
			<Cell CellID="L_18" CellID2="AJ_28" Encode="1" Receive="1" Value="10" StatusID="0001"/>
			<Cell CellID="M_18" CellID2="AN_28" Encode="1" Receive="1" Value="59465" StatusID="0001"/>
			<Cell CellID="N_18" CellID2="AR_28" Encode="1" Receive="1" Value="" StatusID="0001"/>
		</Cells>
		<Cells>
			<Cell CellID="C_19" CellID2="AU_29" FirstCell="1" Encode="0" Receive="1" Value="" StatusID="0001"/>
			<Cell CellID="D_19" CellID2="C_29" Encode="1" Receive="1" Value="" StatusID="0001"/>
			<Cell CellID="E_19" CellID2="E_29" Encode="1" Receive="1" Value="" StatusID="0001"/>
			<Cell CellID="F_19" CellID2="G_29" Encode="1" Receive="1" Value="0000231" StatusID="0001"/>
			<Cell CellID="G_19" CellID2="M_29" Encode="1" Receive="1" Value="12/01/2015" StatusID="0001"/>
			<Cell CellID="H_19" CellID2="R_29" Encode="1" Receive="1" Value="Công Ty TNHH Vận Tải Trần Quốc" StatusID="0001"/>
			<Cell CellID="I_19" CellID2="X_29" Encode="1" Receive="1" Value="0310438386" StatusID="0001"/>
			<Cell CellID="J_19" CellID2="AB_29" Encode="1" Receive="1" Value="Cước vận chuyển" StatusID="0001"/>
			<Cell CellID="K_19" CellID2="AF_29" Encode="1" Receive="1" Value="5200000" StatusID="0001"/>
			<Cell CellID="L_19" CellID2="AJ_29" Encode="1" Receive="1" Value="10" StatusID="0001"/>
			<Cell CellID="M_19" CellID2="AN_29" Encode="1" Receive="1" Value="520000" StatusID="0001"/>
			<Cell CellID="N_19" CellID2="AR_29" Encode="1" Receive="1" Value="" StatusID="0001"/>
		</Cells>
		<Cells>
			<Cell CellID="C_20" CellID2="AU_30" FirstCell="1" Encode="0" Receive="1" Value="" StatusID="0001"/>
			<Cell CellID="D_20" CellID2="C_30" Encode="1" Receive="1" Value="" StatusID="0001"/>
			<Cell CellID="E_20" CellID2="E_30" Encode="1" Receive="1" Value="" StatusID="0001"/>
			<Cell CellID="F_20" CellID2="G_30" Encode="1" Receive="1" Value="0203357" StatusID="0001"/>
			<Cell CellID="G_20" CellID2="M_30" Encode="1" Receive="1" Value="13/01/2015" StatusID="0001"/>
			<Cell CellID="H_20" CellID2="R_30" Encode="1" Receive="1" Value="Công Ty CP Vật Tư - Xăng Dầu (COMECO)" StatusID="0001"/>
			<Cell CellID="I_20" CellID2="X_30" Encode="1" Receive="1" Value="0300450673" StatusID="0001"/>
			<Cell CellID="J_20" CellID2="AB_30" Encode="1" Receive="1" Value="Xăng RON 95" StatusID="0001"/>
			<Cell CellID="K_20" CellID2="AF_30" Encode="1" Receive="1" Value="1321455" StatusID="0001"/>
			<Cell CellID="L_20" CellID2="AJ_30" Encode="1" Receive="1" Value="10" StatusID="0001"/>
			<Cell CellID="M_20" CellID2="AN_30" Encode="1" Receive="1" Value="132145" StatusID="0001"/>
			<Cell CellID="N_20" CellID2="AR_30" Encode="1" Receive="1" Value="" StatusID="0001"/>
		</Cells>
		<Cells>
			<Cell CellID="C_21" CellID2="AU_31" FirstCell="1" Encode="0" Receive="1" Value="" StatusID="0001"/>
			<Cell CellID="D_21" CellID2="C_31" Encode="1" Receive="1" Value="" StatusID="0001"/>
			<Cell CellID="E_21" CellID2="E_31" Encode="1" Receive="1" Value="" StatusID="0001"/>
			<Cell CellID="F_21" CellID2="G_31" Encode="1" Receive="1" Value="0007580" StatusID="0001"/>
			<Cell CellID="G_21" CellID2="M_31" Encode="1" Receive="1" Value="14/01/2015" StatusID="0001"/>
			<Cell CellID="H_21" CellID2="R_31" Encode="1" Receive="1" Value="Công Ty TNHH SAGAWA EXPRESS Việt Nam" StatusID="0001"/>
			<Cell CellID="I_21" CellID2="X_31" Encode="1" Receive="1" Value="0300740037" StatusID="0001"/>
			<Cell CellID="J_21" CellID2="AB_31" Encode="1" Receive="1" Value="Phí gửi chứng từ, phụ thu xăng" StatusID="0001"/>
			<Cell CellID="K_21" CellID2="AF_31" Encode="1" Receive="1" Value="339003" StatusID="0001"/>
			<Cell CellID="L_21" CellID2="AJ_31" Encode="1" Receive="1" Value="10" StatusID="0001"/>
			<Cell CellID="M_21" CellID2="AN_31" Encode="1" Receive="1" Value="33900" StatusID="0001"/>
			<Cell CellID="N_21" CellID2="AR_31" Encode="1" Receive="1" Value="" StatusID="0001"/>
		</Cells>
		<Cells>
			<Cell CellID="C_22" CellID2="AU_32" FirstCell="1" Encode="0" Receive="1" Value="" StatusID="0001"/>
			<Cell CellID="D_22" CellID2="C_32" Encode="1" Receive="1" Value="" StatusID="0001"/>
			<Cell CellID="E_22" CellID2="E_32" Encode="1" Receive="1" Value="" StatusID="0001"/>
			<Cell CellID="F_22" CellID2="G_32" Encode="1" Receive="1" Value="0000323" StatusID="0001"/>
			<Cell CellID="G_22" CellID2="M_32" Encode="1" Receive="1" Value="15/01/2015" StatusID="0001"/>
			<Cell CellID="H_22" CellID2="R_32" Encode="1" Receive="1" Value="DNTN Nguyễn Văn Sáu" StatusID="0001"/>
			<Cell CellID="I_22" CellID2="X_32" Encode="1" Receive="1" Value="0301410810" StatusID="0001"/>
			<Cell CellID="J_22" CellID2="AB_32" Encode="1" Receive="1" Value="Xăng, dầu DO" StatusID="0001"/>
			<Cell CellID="K_22" CellID2="AF_32" Encode="1" Receive="1" Value="1698946" StatusID="0001"/>
			<Cell CellID="L_22" CellID2="AJ_32" Encode="1" Receive="1" Value="10" StatusID="0001"/>
			<Cell CellID="M_22" CellID2="AN_32" Encode="1" Receive="1" Value="169894" StatusID="0001"/>
			<Cell CellID="N_22" CellID2="AR_32" Encode="1" Receive="1" Value="" StatusID="0001"/>
		</Cells>
		<Cells>
			<Cell CellID="C_23" CellID2="AU_33" FirstCell="1" Encode="0" Receive="1" Value="" StatusID="0001"/>
			<Cell CellID="D_23" CellID2="C_33" Encode="1" Receive="1" Value="" StatusID="0001"/>
			<Cell CellID="E_23" CellID2="E_33" Encode="1" Receive="1" Value="" StatusID="0001"/>
			<Cell CellID="F_23" CellID2="G_33" Encode="1" Receive="1" Value="0007612" StatusID="0001"/>
			<Cell CellID="G_23" CellID2="M_33" Encode="1" Receive="1" Value="16/01/2015" StatusID="0001"/>
			<Cell CellID="H_23" CellID2="R_33" Encode="1" Receive="1" Value="Công Ty TNHH SAGAWA EXPRESS Việt Nam" StatusID="0001"/>
			<Cell CellID="I_23" CellID2="X_33" Encode="1" Receive="1" Value="0300740037" StatusID="0001"/>
			<Cell CellID="J_23" CellID2="AB_33" Encode="1" Receive="1" Value="Phí gửi chứng từ, phụ thu xăng" StatusID="0001"/>
			<Cell CellID="K_23" CellID2="AF_33" Encode="1" Receive="1" Value="337208" StatusID="0001"/>
			<Cell CellID="L_23" CellID2="AJ_33" Encode="1" Receive="1" Value="10" StatusID="0001"/>
			<Cell CellID="M_23" CellID2="AN_33" Encode="1" Receive="1" Value="33721" StatusID="0001"/>
			<Cell CellID="N_23" CellID2="AR_33" Encode="1" Receive="1" Value="" StatusID="0001"/>
		</Cells>
		<Cells>
			<Cell CellID="C_24" CellID2="AU_34" FirstCell="1" Encode="0" Receive="1" Value="" StatusID="0001"/>
			<Cell CellID="D_24" CellID2="C_34" Encode="1" Receive="1" Value="" StatusID="0001"/>
			<Cell CellID="E_24" CellID2="E_34" Encode="1" Receive="1" Value="" StatusID="0001"/>
			<Cell CellID="F_24" CellID2="G_34" Encode="1" Receive="1" Value="1252064" StatusID="0001"/>
			<Cell CellID="G_24" CellID2="M_34" Encode="1" Receive="1" Value="17/01/2015" StatusID="0001"/>
			<Cell CellID="H_24" CellID2="R_34" Encode="1" Receive="1" Value="Công Ty TNHH MTV Tổng Công Ty Tân Cảng Sài Gòn" StatusID="0001"/>
			<Cell CellID="I_24" CellID2="X_34" Encode="1" Receive="1" Value="0300514849" StatusID="0001"/>
			<Cell CellID="J_24" CellID2="AB_34" Encode="1" Receive="1" Value="Phí hạ bãi chờ xuất" StatusID="0001"/>
			<Cell CellID="K_24" CellID2="AF_34" Encode="1" Receive="1" Value="250000" StatusID="0001"/>
			<Cell CellID="L_24" CellID2="AJ_34" Encode="1" Receive="1" Value="10" StatusID="0001"/>
			<Cell CellID="M_24" CellID2="AN_34" Encode="1" Receive="1" Value="25000" StatusID="0001"/>
			<Cell CellID="N_24" CellID2="AR_34" Encode="1" Receive="1" Value="" StatusID="0001"/>
		</Cells>
		<Cells>
			<Cell CellID="C_25" CellID2="AU_35" FirstCell="1" Encode="0" Receive="1" Value="" StatusID="0001"/>
			<Cell CellID="D_25" CellID2="C_35" Encode="1" Receive="1" Value="" StatusID="0001"/>
			<Cell CellID="E_25" CellID2="E_35" Encode="1" Receive="1" Value="" StatusID="0001"/>
			<Cell CellID="F_25" CellID2="G_35" Encode="1" Receive="1" Value="1241313" StatusID="0001"/>
			<Cell CellID="G_25" CellID2="M_35" Encode="1" Receive="1" Value="16/01/2015" StatusID="0001"/>
			<Cell CellID="H_25" CellID2="R_35" Encode="1" Receive="1" Value="Công Ty TNHH MTV Tổng Công Ty Tân Cảng Sài Gòn" StatusID="0001"/>
			<Cell CellID="I_25" CellID2="X_35" Encode="1" Receive="1" Value="0300514849" StatusID="0001"/>
			<Cell CellID="J_25" CellID2="AB_35" Encode="1" Receive="1" Value="Phí cấp cont rỗng lạnh" StatusID="0001"/>
			<Cell CellID="K_25" CellID2="AF_35" Encode="1" Receive="1" Value="231818" StatusID="0001"/>
			<Cell CellID="L_25" CellID2="AJ_35" Encode="1" Receive="1" Value="10" StatusID="0001"/>
			<Cell CellID="M_25" CellID2="AN_35" Encode="1" Receive="1" Value="23182" StatusID="0001"/>
			<Cell CellID="N_25" CellID2="AR_35" Encode="1" Receive="1" Value="" StatusID="0001"/>
		</Cells>
		<Cells>
			<Cell CellID="C_26" CellID2="AU_36" FirstCell="1" Encode="0" Receive="1" Value="" StatusID="0001"/>
			<Cell CellID="D_26" CellID2="C_36" Encode="1" Receive="1" Value="" StatusID="0001"/>
			<Cell CellID="E_26" CellID2="E_36" Encode="1" Receive="1" Value="" StatusID="0001"/>
			<Cell CellID="F_26" CellID2="G_36" Encode="1" Receive="1" Value="0000067" StatusID="0001"/>
			<Cell CellID="G_26" CellID2="M_36" Encode="1" Receive="1" Value="17/01/2015" StatusID="0001"/>
			<Cell CellID="H_26" CellID2="R_36" Encode="1" Receive="1" Value="Công Ty TNHH TM XNK Vận Tải Vĩnh Phát" StatusID="0001"/>
			<Cell CellID="I_26" CellID2="X_36" Encode="1" Receive="1" Value="0312991194" StatusID="0001"/>
			<Cell CellID="J_26" CellID2="AB_36" Encode="1" Receive="1" Value="Cước vận chuyển" StatusID="0001"/>
			<Cell CellID="K_26" CellID2="AF_36" Encode="1" Receive="1" Value="11200000" StatusID="0001"/>
			<Cell CellID="L_26" CellID2="AJ_36" Encode="1" Receive="1" Value="10" StatusID="0001"/>
			<Cell CellID="M_26" CellID2="AN_36" Encode="1" Receive="1" Value="1120000" StatusID="0001"/>
			<Cell CellID="N_26" CellID2="AR_36" Encode="1" Receive="1" Value="" StatusID="0001"/>
		</Cells>
		<Cells>
			<Cell CellID="C_27" CellID2="AU_37" FirstCell="1" Encode="0" Receive="1" Value="" StatusID="0001"/>
			<Cell CellID="D_27" CellID2="C_37" Encode="1" Receive="1" Value="" StatusID="0001"/>
			<Cell CellID="E_27" CellID2="E_37" Encode="1" Receive="1" Value="" StatusID="0001"/>
			<Cell CellID="F_27" CellID2="G_37" Encode="1" Receive="1" Value="0203607" StatusID="0001"/>
			<Cell CellID="G_27" CellID2="M_37" Encode="1" Receive="1" Value="19/01/2015" StatusID="0001"/>
			<Cell CellID="H_27" CellID2="R_37" Encode="1" Receive="1" Value="Công Ty CP Vật Tư - Xăng Dầu (COMECO)" StatusID="0001"/>
			<Cell CellID="I_27" CellID2="X_37" Encode="1" Receive="1" Value="0300450673" StatusID="0001"/>
			<Cell CellID="J_27" CellID2="AB_37" Encode="1" Receive="1" Value="Xăng RON 95" StatusID="0001"/>
			<Cell CellID="K_27" CellID2="AF_37" Encode="1" Receive="1" Value="1668336" StatusID="0001"/>
			<Cell CellID="L_27" CellID2="AJ_37" Encode="1" Receive="1" Value="10" StatusID="0001"/>
			<Cell CellID="M_27" CellID2="AN_37" Encode="1" Receive="1" Value="245449" StatusID="0001"/>
			<Cell CellID="N_27" CellID2="AR_37" Encode="1" Receive="1" Value="" StatusID="0001"/>
		</Cells>
		<Cells>
			<Cell CellID="C_28" CellID2="AU_38" FirstCell="1" Encode="0" Receive="1" Value="" StatusID="0001"/>
			<Cell CellID="D_28" CellID2="C_38" Encode="1" Receive="1" Value="" StatusID="0001"/>
			<Cell CellID="E_28" CellID2="E_38" Encode="1" Receive="1" Value="" StatusID="0001"/>
			<Cell CellID="F_28" CellID2="G_38" Encode="1" Receive="1" Value="0000359" StatusID="0001"/>
			<Cell CellID="G_28" CellID2="M_38" Encode="1" Receive="1" Value="21/01/2015" StatusID="0001"/>
			<Cell CellID="H_28" CellID2="R_38" Encode="1" Receive="1" Value="DNTN Nguyễn Văn Sáu" StatusID="0001"/>
			<Cell CellID="I_28" CellID2="X_38" Encode="1" Receive="1" Value="0301410810" StatusID="0001"/>
			<Cell CellID="J_28" CellID2="AB_38" Encode="1" Receive="1" Value="Xăng, dầu DO" StatusID="0001"/>
			<Cell CellID="K_28" CellID2="AF_38" Encode="1" Receive="1" Value="833500" StatusID="0001"/>
			<Cell CellID="L_28" CellID2="AJ_38" Encode="1" Receive="1" Value="10" StatusID="0001"/>
			<Cell CellID="M_28" CellID2="AN_38" Encode="1" Receive="1" Value="83350" StatusID="0001"/>
			<Cell CellID="N_28" CellID2="AR_38" Encode="1" Receive="1" Value="" StatusID="0001"/>
		</Cells>
		<Cells>
			<Cell CellID="C_29" CellID2="AU_39" FirstCell="1" Encode="0" Receive="1" Value="" StatusID="0001"/>
			<Cell CellID="D_29" CellID2="C_39" Encode="1" Receive="1" Value="" StatusID="0001"/>
			<Cell CellID="E_29" CellID2="E_39" Encode="1" Receive="1" Value="" StatusID="0001"/>
			<Cell CellID="F_29" CellID2="G_39" Encode="1" Receive="1" Value="0007697" StatusID="0001"/>
			<Cell CellID="G_29" CellID2="M_39" Encode="1" Receive="1" Value="23/01/2015" StatusID="0001"/>
			<Cell CellID="H_29" CellID2="R_39" Encode="1" Receive="1" Value="Công Ty TNHH SAGAWA EXPRESS Việt Nam" StatusID="0001"/>
			<Cell CellID="I_29" CellID2="X_39" Encode="1" Receive="1" Value="0300740037" StatusID="0001"/>
			<Cell CellID="J_29" CellID2="AB_39" Encode="1" Receive="1" Value="Phí gửi chứng từ, phụ thu xăng" StatusID="0001"/>
			<Cell CellID="K_29" CellID2="AF_39" Encode="1" Receive="1" Value="337208" StatusID="0001"/>
			<Cell CellID="L_29" CellID2="AJ_39" Encode="1" Receive="1" Value="10" StatusID="0001"/>
			<Cell CellID="M_29" CellID2="AN_39" Encode="1" Receive="1" Value="33721" StatusID="0001"/>
			<Cell CellID="N_29" CellID2="AR_39" Encode="1" Receive="1" Value="" StatusID="0001"/>
		</Cells>
		<Cells>
			<Cell CellID="C_30" CellID2="AU_40" FirstCell="1" Encode="0" Receive="1" Value="" StatusID="0001"/>
			<Cell CellID="D_30" CellID2="C_40" Encode="1" Receive="1" Value="" StatusID="0001"/>
			<Cell CellID="E_30" CellID2="E_40" Encode="1" Receive="1" Value="" StatusID="0001"/>
			<Cell CellID="F_30" CellID2="G_40" Encode="1" Receive="1" Value="0000094" StatusID="0001"/>
			<Cell CellID="G_30" CellID2="M_40" Encode="1" Receive="1" Value="26/01/2015" StatusID="0001"/>
			<Cell CellID="H_30" CellID2="R_40" Encode="1" Receive="1" Value="Công Ty TNHH Thương Mại Dịch Vụ Toàn Nguyễn" StatusID="0001"/>
			<Cell CellID="I_30" CellID2="X_40" Encode="1" Receive="1" Value="0310610823" StatusID="0001"/>
			<Cell CellID="J_30" CellID2="AB_40" Encode="1" Receive="1" Value="Bảo hộ lao động" StatusID="0001"/>
			<Cell CellID="K_30" CellID2="AF_40" Encode="1" Receive="1" Value="3300000" StatusID="0001"/>
			<Cell CellID="L_30" CellID2="AJ_40" Encode="1" Receive="1" Value="10" StatusID="0001"/>
			<Cell CellID="M_30" CellID2="AN_40" Encode="1" Receive="1" Value="330000" StatusID="0001"/>
			<Cell CellID="N_30" CellID2="AR_40" Encode="1" Receive="1" Value="" StatusID="0001"/>
		</Cells>
		<Cells>
			<Cell CellID="C_31" CellID2="AU_41" FirstCell="1" Encode="0" Receive="1" Value="" StatusID="0001"/>
			<Cell CellID="D_31" CellID2="C_41" Encode="1" Receive="1" Value="" StatusID="0001"/>
			<Cell CellID="E_31" CellID2="E_41" Encode="1" Receive="1" Value="" StatusID="0001"/>
			<Cell CellID="F_31" CellID2="G_41" Encode="1" Receive="1" Value="0203906" StatusID="0001"/>
			<Cell CellID="G_31" CellID2="M_41" Encode="1" Receive="1" Value="26/01/2015" StatusID="0001"/>
			<Cell CellID="H_31" CellID2="R_41" Encode="1" Receive="1" Value="Công Ty CP Vật Tư - Xăng Dầu (COMECO)" StatusID="0001"/>
			<Cell CellID="I_31" CellID2="X_41" Encode="1" Receive="1" Value="0300450673" StatusID="0001"/>
			<Cell CellID="J_31" CellID2="AB_41" Encode="1" Receive="1" Value="Dầu DO, Xăng RON 95" StatusID="0001"/>
			<Cell CellID="K_31" CellID2="AF_41" Encode="1" Receive="1" Value="1476254" StatusID="0001"/>
			<Cell CellID="L_31" CellID2="AJ_41" Encode="1" Receive="1" Value="10" StatusID="0001"/>
			<Cell CellID="M_31" CellID2="AN_41" Encode="1" Receive="1" Value="147626" StatusID="0001"/>
			<Cell CellID="N_31" CellID2="AR_41" Encode="1" Receive="1" Value="" StatusID="0001"/>
		</Cells>
		<Cells>
			<Cell CellID="C_32" CellID2="AU_42" FirstCell="1" Encode="0" Receive="1" Value="" StatusID="0001"/>
			<Cell CellID="D_32" CellID2="C_42" Encode="1" Receive="1" Value="" StatusID="0001"/>
			<Cell CellID="E_32" CellID2="E_42" Encode="1" Receive="1" Value="" StatusID="0001"/>
			<Cell CellID="F_32" CellID2="G_42" Encode="1" Receive="1" Value="0002228" StatusID="0001"/>
			<Cell CellID="G_32" CellID2="M_42" Encode="1" Receive="1" Value="27/01/2015" StatusID="0001"/>
			<Cell CellID="H_32" CellID2="R_42" Encode="1" Receive="1" Value="Công Ty TNHH DV Bảo Vệ Huỳnh Long" StatusID="0001"/>
			<Cell CellID="I_32" CellID2="X_42" Encode="1" Receive="1" Value="1100678866" StatusID="0001"/>
			<Cell CellID="J_32" CellID2="AB_42" Encode="1" Receive="1" Value="Phí dịch vụ bảo vệ T01/2015" StatusID="0001"/>
			<Cell CellID="K_32" CellID2="AF_42" Encode="1" Receive="1" Value="14400000" StatusID="0001"/>
			<Cell CellID="L_32" CellID2="AJ_42" Encode="1" Receive="1" Value="10" StatusID="0001"/>
			<Cell CellID="M_32" CellID2="AN_42" Encode="1" Receive="1" Value="1440000" StatusID="0001"/>
			<Cell CellID="N_32" CellID2="AR_42" Encode="1" Receive="1" Value="" StatusID="0001"/>
		</Cells>
		<Cells>
			<Cell CellID="C_33" CellID2="AU_43" FirstCell="1" Encode="0" Receive="1" Value="" StatusID="0001"/>
			<Cell CellID="D_33" CellID2="C_43" Encode="1" Receive="1" Value="" StatusID="0001"/>
			<Cell CellID="E_33" CellID2="E_43" Encode="1" Receive="1" Value="" StatusID="0001"/>
			<Cell CellID="F_33" CellID2="G_43" Encode="1" Receive="1" Value="0276019" StatusID="0001"/>
			<Cell CellID="G_33" CellID2="M_43" Encode="1" Receive="1" Value="28/01/2015" StatusID="0001"/>
			<Cell CellID="H_33" CellID2="R_43" Encode="1" Receive="1" Value="Công Ty CP Vật Tư - Xăng Dầu (COMECO)" StatusID="0001"/>
			<Cell CellID="I_33" CellID2="X_43" Encode="1" Receive="1" Value="0300450673" StatusID="0001"/>
			<Cell CellID="J_33" CellID2="AB_43" Encode="1" Receive="1" Value="Xăng RON 95" StatusID="0001"/>
			<Cell CellID="K_33" CellID2="AF_43" Encode="1" Receive="1" Value="754336" StatusID="0001"/>
			<Cell CellID="L_33" CellID2="AJ_43" Encode="1" Receive="1" Value="10" StatusID="0001"/>
			<Cell CellID="M_33" CellID2="AN_43" Encode="1" Receive="1" Value="75434" StatusID="0001"/>
			<Cell CellID="N_33" CellID2="AR_43" Encode="1" Receive="1" Value="" StatusID="0001"/>
		</Cells>
		<Cells>
			<Cell CellID="C_34" CellID2="AU_44" FirstCell="1" Encode="0" Receive="1" Value="" StatusID="0001"/>
			<Cell CellID="D_34" CellID2="C_44" Encode="1" Receive="1" Value="" StatusID="0001"/>
			<Cell CellID="E_34" CellID2="E_44" Encode="1" Receive="1" Value="" StatusID="0001"/>
			<Cell CellID="F_34" CellID2="G_44" Encode="1" Receive="1" Value="0007249" StatusID="0001"/>
			<Cell CellID="G_34" CellID2="M_44" Encode="1" Receive="1" Value="30/01/2015" StatusID="0001"/>
			<Cell CellID="H_34" CellID2="R_44" Encode="1" Receive="1" Value="Viện Pasteur TP.HCM" StatusID="0001"/>
			<Cell CellID="I_34" CellID2="X_44" Encode="1" Receive="1" Value="0301225896" StatusID="0001"/>
			<Cell CellID="J_34" CellID2="AB_44" Encode="1" Receive="1" Value="Phí xét nghiệm nước" StatusID="0001"/>
			<Cell CellID="K_34" CellID2="AF_44" Encode="1" Receive="1" Value="672727" StatusID="0001"/>
			<Cell CellID="L_34" CellID2="AJ_44" Encode="1" Receive="1" Value="10" StatusID="0001"/>
			<Cell CellID="M_34" CellID2="AN_44" Encode="1" Receive="1" Value="67273" StatusID="0001"/>
			<Cell CellID="N_34" CellID2="AR_44" Encode="1" Receive="1" Value="" StatusID="0001"/>
		</Cells>
		<Cells>
			<Cell CellID="C_35" CellID2="AU_45" FirstCell="1" Encode="0" Receive="1" Value="" StatusID="0001"/>
			<Cell CellID="D_35" CellID2="C_45" Encode="1" Receive="1" Value="" StatusID="0001"/>
			<Cell CellID="E_35" CellID2="E_45" Encode="1" Receive="1" Value="" StatusID="0001"/>
			<Cell CellID="F_35" CellID2="G_45" Encode="1" Receive="1" Value="0276112" StatusID="0001"/>
			<Cell CellID="G_35" CellID2="M_45" Encode="1" Receive="1" Value="30/01/2015" StatusID="0001"/>
			<Cell CellID="H_35" CellID2="R_45" Encode="1" Receive="1" Value="Công Ty CP Vật Tư - Xăng Dầu (COMECO)" StatusID="0001"/>
			<Cell CellID="I_35" CellID2="X_45" Encode="1" Receive="1" Value="0300450673" StatusID="0001"/>
			<Cell CellID="J_35" CellID2="AB_45" Encode="1" Receive="1" Value="Xăng RON 95" StatusID="0001"/>
			<Cell CellID="K_35" CellID2="AF_45" Encode="1" Receive="1" Value="828291" StatusID="0001"/>
			<Cell CellID="L_35" CellID2="AJ_45" Encode="1" Receive="1" Value="10" StatusID="0001"/>
			<Cell CellID="M_35" CellID2="AN_45" Encode="1" Receive="1" Value="82829" StatusID="0001"/>
			<Cell CellID="N_35" CellID2="AR_45" Encode="1" Receive="1" Value="" StatusID="0001"/>
		</Cells>
		<Cells>
			<Cell CellID="C_36" CellID2="AU_46" FirstCell="1" Encode="0" Receive="1" Value="" StatusID="0001"/>
			<Cell CellID="D_36" CellID2="C_46" Encode="1" Receive="1" Value="" StatusID="0001"/>
			<Cell CellID="E_36" CellID2="E_46" Encode="1" Receive="1" Value="" StatusID="0001"/>
			<Cell CellID="F_36" CellID2="G_46" Encode="1" Receive="1" Value="0000385" StatusID="0001"/>
			<Cell CellID="G_36" CellID2="M_46" Encode="1" Receive="1" Value="31/01/2015" StatusID="0001"/>
			<Cell CellID="H_36" CellID2="R_46" Encode="1" Receive="1" Value="DNTN Nguyễn Văn Sáu" StatusID="0001"/>
			<Cell CellID="I_36" CellID2="X_46" Encode="1" Receive="1" Value="0301410810" StatusID="0001"/>
			<Cell CellID="J_36" CellID2="AB_46" Encode="1" Receive="1" Value="Xăng, dầu DO" StatusID="0001"/>
			<Cell CellID="K_36" CellID2="AF_46" Encode="1" Receive="1" Value="1451773" StatusID="0001"/>
			<Cell CellID="L_36" CellID2="AJ_46" Encode="1" Receive="1" Value="10" StatusID="0001"/>
			<Cell CellID="M_36" CellID2="AN_46" Encode="1" Receive="1" Value="145177" StatusID="0001"/>
			<Cell CellID="N_36" CellID2="AR_46" Encode="1" Receive="1" Value="" StatusID="0001"/>
		</Cells>
		<Cells>
			<Cell CellID="C_37" CellID2="AU_47" FirstCell="1" Encode="0" Receive="1" Value="" StatusID="0001"/>
			<Cell CellID="D_37" CellID2="C_47" Encode="1" Receive="1" Value="" StatusID="0001"/>
			<Cell CellID="E_37" CellID2="E_47" Encode="1" Receive="1" Value="" StatusID="0001"/>
			<Cell CellID="F_37" CellID2="G_47" Encode="1" Receive="1" Value="0000633" StatusID="0001"/>
			<Cell CellID="G_37" CellID2="M_47" Encode="1" Receive="1" Value="01/01/2015" StatusID="0001"/>
			<Cell CellID="H_37" CellID2="R_47" Encode="1" Receive="1" Value="Công Ty TNHH Du Lịch và TM Thành Thành Phát" StatusID="0001"/>
			<Cell CellID="I_37" CellID2="X_47" Encode="1" Receive="1" Value="0312072962" StatusID="0001"/>
			<Cell CellID="J_37" CellID2="AB_47" Encode="1" Receive="1" Value="Đường vàng " StatusID="0001"/>
			<Cell CellID="K_37" CellID2="AF_47" Encode="1" Receive="1" Value="11666667" StatusID="0001"/>
			<Cell CellID="L_37" CellID2="AJ_47" Encode="1" Receive="1" Value="5" StatusID="0001"/>
			<Cell CellID="M_37" CellID2="AN_47" Encode="1" Receive="1" Value="583333" StatusID="0001"/>
			<Cell CellID="N_37" CellID2="AR_47" Encode="1" Receive="1" Value="" StatusID="0001"/>
		</Cells>
		<Cells>
			<Cell CellID="C_38" CellID2="AU_48" FirstCell="1" Encode="0" Receive="1" Value="" StatusID="0001"/>
			<Cell CellID="D_38" CellID2="C_48" Encode="1" Receive="1" Value="" StatusID="0001"/>
			<Cell CellID="E_38" CellID2="E_48" Encode="1" Receive="1" Value="" StatusID="0001"/>
			<Cell CellID="F_38" CellID2="G_48" Encode="1" Receive="1" Value="0000855" StatusID="0001"/>
			<Cell CellID="G_38" CellID2="M_48" Encode="1" Receive="1" Value="04/01/2015" StatusID="0001"/>
			<Cell CellID="H_38" CellID2="R_48" Encode="1" Receive="1" Value="Công Ty TNHH Bao Bì Nhựa Thành Phú" StatusID="0001"/>
			<Cell CellID="I_38" CellID2="X_48" Encode="1" Receive="1" Value="0301350199" StatusID="0001"/>
			<Cell CellID="J_38" CellID2="AB_48" Encode="1" Receive="1" Value="Túi cá cơm 25g" StatusID="0001"/>
			<Cell CellID="K_38" CellID2="AF_48" Encode="1" Receive="1" Value="17690000" StatusID="0001"/>
			<Cell CellID="L_38" CellID2="AJ_48" Encode="1" Receive="1" Value="10" StatusID="0001"/>
			<Cell CellID="M_38" CellID2="AN_48" Encode="1" Receive="1" Value="1769000" StatusID="0001"/>
			<Cell CellID="N_38" CellID2="AR_48" Encode="1" Receive="1" Value="" StatusID="0001"/>
		</Cells>
		<Cells>
			<Cell CellID="C_39" CellID2="AU_49" FirstCell="1" Encode="0" Receive="1" Value="" StatusID="0001"/>
			<Cell CellID="D_39" CellID2="C_49" Encode="1" Receive="1" Value="" StatusID="0001"/>
			<Cell CellID="E_39" CellID2="E_49" Encode="1" Receive="1" Value="" StatusID="0001"/>
			<Cell CellID="F_39" CellID2="G_49" Encode="1" Receive="1" Value="0000855" StatusID="0001"/>
			<Cell CellID="G_39" CellID2="M_49" Encode="1" Receive="1" Value="04/01/2015" StatusID="0001"/>
			<Cell CellID="H_39" CellID2="R_49" Encode="1" Receive="1" Value="Công Ty TNHH Bao Bì Nhựa Thành Phú" StatusID="0001"/>
			<Cell CellID="I_39" CellID2="X_49" Encode="1" Receive="1" Value="0301350199" StatusID="0001"/>
			<Cell CellID="J_39" CellID2="AB_49" Encode="1" Receive="1" Value="Túi cá chỉ vàng 40g" StatusID="0001"/>
			<Cell CellID="K_39" CellID2="AF_49" Encode="1" Receive="1" Value="41420000" StatusID="0001"/>
			<Cell CellID="L_39" CellID2="AJ_49" Encode="1" Receive="1" Value="10" StatusID="0001"/>
			<Cell CellID="M_39" CellID2="AN_49" Encode="1" Receive="1" Value="4142000" StatusID="0001"/>
			<Cell CellID="N_39" CellID2="AR_49" Encode="1" Receive="1" Value="" StatusID="0001"/>
		</Cells>
		<Cells>
			<Cell CellID="C_40" CellID2="AU_50" FirstCell="1" Encode="0" Receive="1" Value="" StatusID="0001"/>
			<Cell CellID="D_40" CellID2="C_50" Encode="1" Receive="1" Value="" StatusID="0001"/>
			<Cell CellID="E_40" CellID2="E_50" Encode="1" Receive="1" Value="" StatusID="0001"/>
			<Cell CellID="F_40" CellID2="G_50" Encode="1" Receive="1" Value="0000855" StatusID="0001"/>
			<Cell CellID="G_40" CellID2="M_50" Encode="1" Receive="1" Value="04/01/2015" StatusID="0001"/>
			<Cell CellID="H_40" CellID2="R_50" Encode="1" Receive="1" Value="Công Ty TNHH Bao Bì Nhựa Thành Phú" StatusID="0001"/>
			<Cell CellID="I_40" CellID2="X_50" Encode="1" Receive="1" Value="0301350199" StatusID="0001"/>
			<Cell CellID="J_40" CellID2="AB_50" Encode="1" Receive="1" Value="Túi cá chỉ vàng 90g" StatusID="0001"/>
			<Cell CellID="K_40" CellID2="AF_50" Encode="1" Receive="1" Value="39468000" StatusID="0001"/>
			<Cell CellID="L_40" CellID2="AJ_50" Encode="1" Receive="1" Value="10" StatusID="0001"/>
			<Cell CellID="M_40" CellID2="AN_50" Encode="1" Receive="1" Value="3946800" StatusID="0001"/>
			<Cell CellID="N_40" CellID2="AR_50" Encode="1" Receive="1" Value="" StatusID="0001"/>
		</Cells>
		<Cells>
			<Cell CellID="C_41" CellID2="AU_51" FirstCell="1" Encode="0" Receive="1" Value="" StatusID="0001"/>
			<Cell CellID="D_41" CellID2="C_51" Encode="1" Receive="1" Value="" StatusID="0001"/>
			<Cell CellID="E_41" CellID2="E_51" Encode="1" Receive="1" Value="" StatusID="0001"/>
			<Cell CellID="F_41" CellID2="G_51" Encode="1" Receive="1" Value="0018585" StatusID="0001"/>
			<Cell CellID="G_41" CellID2="M_51" Encode="1" Receive="1" Value="06/01/2015" StatusID="0001"/>
			<Cell CellID="H_41" CellID2="R_51" Encode="1" Receive="1" Value="Công Ty TNHH Tân Hải Việt" StatusID="0001"/>
			<Cell CellID="I_41" CellID2="X_51" Encode="1" Receive="1" Value="0302499201" StatusID="0001"/>
			<Cell CellID="J_41" CellID2="AB_51" Encode="1" Receive="1" Value="Gas " StatusID="0001"/>
			<Cell CellID="K_41" CellID2="AF_51" Encode="1" Receive="1" Value="9509090" StatusID="0001"/>
			<Cell CellID="L_41" CellID2="AJ_51" Encode="1" Receive="1" Value="10" StatusID="0001"/>
			<Cell CellID="M_41" CellID2="AN_51" Encode="1" Receive="1" Value="950909" StatusID="0001"/>
			<Cell CellID="N_41" CellID2="AR_51" Encode="1" Receive="1" Value="" StatusID="0001"/>
		</Cells>
		<Cells>
			<Cell CellID="C_42" CellID2="AU_52" FirstCell="1" Encode="0" Receive="1" Value="" StatusID="0001"/>
			<Cell CellID="D_42" CellID2="C_52" Encode="1" Receive="1" Value="" StatusID="0001"/>
			<Cell CellID="E_42" CellID2="E_52" Encode="1" Receive="1" Value="" StatusID="0001"/>
			<Cell CellID="F_42" CellID2="G_52" Encode="1" Receive="1" Value="0003902" StatusID="0001"/>
			<Cell CellID="G_42" CellID2="M_52" Encode="1" Receive="1" Value="15/01/2015" StatusID="0001"/>
			<Cell CellID="H_42" CellID2="R_52" Encode="1" Receive="1" Value="Công Ty TNHH Tấn Dũng" StatusID="0001"/>
			<Cell CellID="I_42" CellID2="X_52" Encode="1" Receive="1" Value="1200469792" StatusID="0001"/>
			<Cell CellID="J_42" CellID2="AB_52" Encode="1" Receive="1" Value="Thùng carton 48x35.5x22" StatusID="0001"/>
			<Cell CellID="K_42" CellID2="AF_52" Encode="1" Receive="1" Value="40152000" StatusID="0001"/>
			<Cell CellID="L_42" CellID2="AJ_52" Encode="1" Receive="1" Value="10" StatusID="0001"/>
			<Cell CellID="M_42" CellID2="AN_52" Encode="1" Receive="1" Value="4015200" StatusID="0001"/>
			<Cell CellID="N_42" CellID2="AR_52" Encode="1" Receive="1" Value="" StatusID="0001"/>
		</Cells>
		<Cells>
			<Cell CellID="C_43" CellID2="AU_53" FirstCell="1" Encode="0" Receive="1" Value="" StatusID="0001"/>
			<Cell CellID="D_43" CellID2="C_53" Encode="1" Receive="1" Value="" StatusID="0001"/>
			<Cell CellID="E_43" CellID2="E_53" Encode="1" Receive="1" Value="" StatusID="0001"/>
			<Cell CellID="F_43" CellID2="G_53" Encode="1" Receive="1" Value="0003902" StatusID="0001"/>
			<Cell CellID="G_43" CellID2="M_53" Encode="1" Receive="1" Value="15/01/2015" StatusID="0001"/>
			<Cell CellID="H_43" CellID2="R_53" Encode="1" Receive="1" Value="Công Ty TNHH Tấn Dũng" StatusID="0001"/>
			<Cell CellID="I_43" CellID2="X_53" Encode="1" Receive="1" Value="1200469792" StatusID="0001"/>
			<Cell CellID="J_43" CellID2="AB_53" Encode="1" Receive="1" Value="Thùng carton 36.5x26x17.5" StatusID="0001"/>
			<Cell CellID="K_43" CellID2="AF_53" Encode="1" Receive="1" Value="1487500" StatusID="0001"/>
			<Cell CellID="L_43" CellID2="AJ_53" Encode="1" Receive="1" Value="10" StatusID="0001"/>
			<Cell CellID="M_43" CellID2="AN_53" Encode="1" Receive="1" Value="148750" StatusID="0001"/>
			<Cell CellID="N_43" CellID2="AR_53" Encode="1" Receive="1" Value="" StatusID="0001"/>
		</Cells>
		<Cells>
			<Cell CellID="C_44" CellID2="AU_54" FirstCell="1" Encode="0" Receive="1" Value="" StatusID="0001"/>
			<Cell CellID="D_44" CellID2="C_54" Encode="1" Receive="1" Value="" StatusID="0001"/>
			<Cell CellID="E_44" CellID2="E_54" Encode="1" Receive="1" Value="" StatusID="0001"/>
			<Cell CellID="F_44" CellID2="G_54" Encode="1" Receive="1" Value="0003902" StatusID="0001"/>
			<Cell CellID="G_44" CellID2="M_54" Encode="1" Receive="1" Value="15/01/2015" StatusID="0001"/>
			<Cell CellID="H_44" CellID2="R_54" Encode="1" Receive="1" Value="Công Ty TNHH Tấn Dũng" StatusID="0001"/>
			<Cell CellID="I_44" CellID2="X_54" Encode="1" Receive="1" Value="1200469792" StatusID="0001"/>
			<Cell CellID="J_44" CellID2="AB_54" Encode="1" Receive="1" Value="Thùng carton 54.5x37.5x38" StatusID="0001"/>
			<Cell CellID="K_44" CellID2="AF_54" Encode="1" Receive="1" Value="736000" StatusID="0001"/>
			<Cell CellID="L_44" CellID2="AJ_54" Encode="1" Receive="1" Value="10" StatusID="0001"/>
			<Cell CellID="M_44" CellID2="AN_54" Encode="1" Receive="1" Value="73600" StatusID="0001"/>
			<Cell CellID="N_44" CellID2="AR_54" Encode="1" Receive="1" Value="" StatusID="0001"/>
		</Cells>
		<Cells>
			<Cell CellID="C_45" CellID2="AU_55" FirstCell="1" Encode="0" Receive="1" Value="" StatusID="0001"/>
			<Cell CellID="D_45" CellID2="C_55" Encode="1" Receive="1" Value="" StatusID="0001"/>
			<Cell CellID="E_45" CellID2="E_55" Encode="1" Receive="1" Value="" StatusID="0001"/>
			<Cell CellID="F_45" CellID2="G_55" Encode="1" Receive="1" Value="0083045" StatusID="0001"/>
			<Cell CellID="G_45" CellID2="M_55" Encode="1" Receive="1" Value="25/01/2015" StatusID="0001"/>
			<Cell CellID="H_45" CellID2="R_55" Encode="1" Receive="1" Value="Công Ty TNHH Nhựa Duy Tân" StatusID="0001"/>
			<Cell CellID="I_45" CellID2="X_55" Encode="1" Receive="1" Value="0301417196" StatusID="0001"/>
			<Cell CellID="J_45" CellID2="AB_55" Encode="1" Receive="1" Value="Hũ ly trung - nắp trong " StatusID="0001"/>
			<Cell CellID="K_45" CellID2="AF_55" Encode="1" Receive="1" Value="1785700" StatusID="0001"/>
			<Cell CellID="L_45" CellID2="AJ_55" Encode="1" Receive="1" Value="10" StatusID="0001"/>
			<Cell CellID="M_45" CellID2="AN_55" Encode="1" Receive="1" Value="178570" StatusID="0001"/>
			<Cell CellID="N_45" CellID2="AR_55" Encode="1" Receive="1" Value="" StatusID="0001"/>
		</Cells>
		<Cells>
			<Cell CellID="C_46" CellID2="AU_56" FirstCell="1" Encode="0" Receive="1" Value="" StatusID="0001"/>
			<Cell CellID="D_46" CellID2="C_56" Encode="1" Receive="1" Value="" StatusID="0001"/>
			<Cell CellID="E_46" CellID2="E_56" Encode="1" Receive="1" Value="" StatusID="0001"/>
			<Cell CellID="F_46" CellID2="G_56" Encode="1" Receive="1" Value="0084707" StatusID="0001"/>
			<Cell CellID="G_46" CellID2="M_56" Encode="1" Receive="1" Value="28/01/2015" StatusID="0001"/>
			<Cell CellID="H_46" CellID2="R_56" Encode="1" Receive="1" Value="Công Ty TNHH Nhựa Duy Tân" StatusID="0001"/>
			<Cell CellID="I_46" CellID2="X_56" Encode="1" Receive="1" Value="0301417196" StatusID="0001"/>
			<Cell CellID="J_46" CellID2="AB_56" Encode="1" Receive="1" Value="Hũ ly trung - nắp hồng " StatusID="0001"/>
			<Cell CellID="K_46" CellID2="AF_56" Encode="1" Receive="1" Value="4999960" StatusID="0001"/>
			<Cell CellID="L_46" CellID2="AJ_56" Encode="1" Receive="1" Value="10" StatusID="0001"/>
			<Cell CellID="M_46" CellID2="AN_56" Encode="1" Receive="1" Value="499996" StatusID="0001"/>
			<Cell CellID="N_46" CellID2="AR_56" Encode="1" Receive="1" Value="" StatusID="0001"/>
		</Cells>
		<Cells>
			<Cell CellID="C_47" CellID2="AU_57" FirstCell="1" Encode="0" Receive="1" Value="" StatusID="0001"/>
			<Cell CellID="D_47" CellID2="C_57" Encode="1" Receive="1" Value="" StatusID="0001"/>
			<Cell CellID="E_47" CellID2="E_57" Encode="1" Receive="1" Value="" StatusID="0001"/>
			<Cell CellID="F_47" CellID2="G_57" Encode="1" Receive="1" Value="0000263" StatusID="0001"/>
			<Cell CellID="G_47" CellID2="M_57" Encode="1" Receive="1" Value="07/01/2015" StatusID="0001"/>
			<Cell CellID="H_47" CellID2="R_57" Encode="1" Receive="1" Value="Công Ty Điện Lực Long An" StatusID="0001"/>
			<Cell CellID="I_47" CellID2="X_57" Encode="1" Receive="1" Value="0300942001017" StatusID="0001"/>
			<Cell CellID="J_47" CellID2="AB_57" Encode="1" Receive="1" Value="Điện kỳ 1 T01/2015" StatusID="0001"/>
			<Cell CellID="K_47" CellID2="AF_57" Encode="1" Receive="1" Value="21505300" StatusID="0001"/>
			<Cell CellID="L_47" CellID2="AJ_57" Encode="1" Receive="1" Value="10" StatusID="0001"/>
			<Cell CellID="M_47" CellID2="AN_57" Encode="1" Receive="1" Value="2150530" StatusID="0001"/>
			<Cell CellID="N_47" CellID2="AR_57" Encode="1" Receive="1" Value="" StatusID="0001"/>
		</Cells>
		<Cells>
			<Cell CellID="C_48" CellID2="AU_58" FirstCell="1" Encode="0" Receive="1" Value="" StatusID="0001"/>
			<Cell CellID="D_48" CellID2="C_58" Encode="1" Receive="1" Value="" StatusID="0001"/>
			<Cell CellID="E_48" CellID2="E_58" Encode="1" Receive="1" Value="" StatusID="0001"/>
			<Cell CellID="F_48" CellID2="G_58" Encode="1" Receive="1" Value="0042873" StatusID="0001"/>
			<Cell CellID="G_48" CellID2="M_58" Encode="1" Receive="1" Value="16/01/2015" StatusID="0001"/>
			<Cell CellID="H_48" CellID2="R_58" Encode="1" Receive="1" Value="Công Ty Điện Lực Long An" StatusID="0001"/>
			<Cell CellID="I_48" CellID2="X_58" Encode="1" Receive="1" Value="0300942001017" StatusID="0001"/>
			<Cell CellID="J_48" CellID2="AB_58" Encode="1" Receive="1" Value="Điện kỳ 2 T01/2015" StatusID="0001"/>
			<Cell CellID="K_48" CellID2="AF_58" Encode="1" Receive="1" Value="28263400" StatusID="0001"/>
			<Cell CellID="L_48" CellID2="AJ_58" Encode="1" Receive="1" Value="10" StatusID="0001"/>
			<Cell CellID="M_48" CellID2="AN_58" Encode="1" Receive="1" Value="2826340" StatusID="0001"/>
			<Cell CellID="N_48" CellID2="AR_58" Encode="1" Receive="1" Value="" StatusID="0001"/>
		</Cells>
		<Cells>
			<Cell CellID="C_49" CellID2="AU_59" FirstCell="1" Encode="0" Receive="1" Value="" StatusID="0001"/>
			<Cell CellID="D_49" CellID2="C_59" Encode="1" Receive="1" Value="" StatusID="0001"/>
			<Cell CellID="E_49" CellID2="E_59" Encode="1" Receive="1" Value="" StatusID="0001"/>
			<Cell CellID="F_49" CellID2="G_59" Encode="1" Receive="1" Value="0264508" StatusID="0001"/>
			<Cell CellID="G_49" CellID2="M_59" Encode="1" Receive="1" Value="07/01/2015" StatusID="0001"/>
			<Cell CellID="H_49" CellID2="R_59" Encode="1" Receive="1" Value="Công Ty Bảo Minh Bến Tre" StatusID="0001"/>
			<Cell CellID="I_49" CellID2="X_59" Encode="1" Receive="1" Value="0300446973" StatusID="0001"/>
			<Cell CellID="J_49" CellID2="AB_59" Encode="1" Receive="1" Value="MCE/00829604" StatusID="0001"/>
			<Cell CellID="K_49" CellID2="AF_59" Encode="1" Receive="1" Value="4881507" StatusID="0001"/>
			<Cell CellID="L_49" CellID2="AJ_59" Encode="1" Receive="1" Value="10" StatusID="0001"/>
			<Cell CellID="M_49" CellID2="AN_59" Encode="1" Receive="1" Value="488151" StatusID="0001"/>
			<Cell CellID="N_49" CellID2="AR_59" Encode="1" Receive="1" Value="" StatusID="0001"/>
		</Cells>
		<Cells>
			<Cell CellID="C_50" CellID2="AU_60" FirstCell="1" Encode="0" Receive="1" Value="" StatusID="0001"/>
			<Cell CellID="D_50" CellID2="C_60" Encode="1" Receive="1" Value="" StatusID="0001"/>
			<Cell CellID="E_50" CellID2="E_60" Encode="1" Receive="1" Value="" StatusID="0001"/>
			<Cell CellID="F_50" CellID2="G_60" Encode="1" Receive="1" Value="0009960" StatusID="0001"/>
			<Cell CellID="G_50" CellID2="M_60" Encode="1" Receive="1" Value="08/01/2015" StatusID="0001"/>
			<Cell CellID="H_50" CellID2="R_60" Encode="1" Receive="1" Value="Công Ty TNHH Tốc Độ" StatusID="0001"/>
			<Cell CellID="I_50" CellID2="X_60" Encode="1" Receive="1" Value="0303108080" StatusID="0001"/>
			<Cell CellID="J_50" CellID2="AB_60" Encode="1" Receive="1" Value="Phí xếp dỡ, niêm chì" StatusID="0001"/>
			<Cell CellID="K_50" CellID2="AF_60" Encode="1" Receive="1" Value="3284910" StatusID="0001"/>
			<Cell CellID="L_50" CellID2="AJ_60" Encode="1" Receive="1" Value="10" StatusID="0001"/>
			<Cell CellID="M_50" CellID2="AN_60" Encode="1" Receive="1" Value="328491" StatusID="0001"/>
			<Cell CellID="N_50" CellID2="AR_60" Encode="1" Receive="1" Value="" StatusID="0001"/>
		</Cells>
		<Cells>
			<Cell CellID="C_51" CellID2="AU_61" FirstCell="1" Encode="0" Receive="1" Value="" StatusID="0001"/>
			<Cell CellID="D_51" CellID2="C_61" Encode="1" Receive="1" Value="" StatusID="0001"/>
			<Cell CellID="E_51" CellID2="E_61" Encode="1" Receive="1" Value="" StatusID="0001"/>
			<Cell CellID="F_51" CellID2="G_61" Encode="1" Receive="1" Value="0009959" StatusID="0001"/>
			<Cell CellID="G_51" CellID2="M_61" Encode="1" Receive="1" Value="08/01/2015" StatusID="0001"/>
			<Cell CellID="H_51" CellID2="R_61" Encode="1" Receive="1" Value="Công Ty TNHH Tốc Độ" StatusID="0001"/>
			<Cell CellID="I_51" CellID2="X_61" Encode="1" Receive="1" Value="0303108080" StatusID="0001"/>
			<Cell CellID="J_51" CellID2="AB_61" Encode="1" Receive="1" Value="Phí chứng từ, điện giao hàng, khai hải quan" StatusID="0001"/>
			<Cell CellID="K_51" CellID2="AF_61" Encode="1" Receive="1" Value="2683750" StatusID="0001"/>
			<Cell CellID="L_51" CellID2="AJ_61" Encode="1" Receive="1" Value="10" StatusID="0001"/>
			<Cell CellID="M_51" CellID2="AN_61" Encode="1" Receive="1" Value="268375" StatusID="0001"/>
			<Cell CellID="N_51" CellID2="AR_61" Encode="1" Receive="1" Value="" StatusID="0001"/>
		</Cells>
		<Cells>
			<Cell CellID="C_52" CellID2="AU_62" FirstCell="1" Encode="0" Receive="1" Value="" StatusID="0001"/>
			<Cell CellID="D_52" CellID2="C_62" Encode="1" Receive="1" Value="" StatusID="0001"/>
			<Cell CellID="E_52" CellID2="E_62" Encode="1" Receive="1" Value="" StatusID="0001"/>
			<Cell CellID="F_52" CellID2="G_62" Encode="1" Receive="1" Value="0010085" StatusID="0001"/>
			<Cell CellID="G_52" CellID2="M_62" Encode="1" Receive="1" Value="11/01/2015" StatusID="0001"/>
			<Cell CellID="H_52" CellID2="R_62" Encode="1" Receive="1" Value="Công Ty TNHH Tốc Độ" StatusID="0001"/>
			<Cell CellID="I_52" CellID2="X_62" Encode="1" Receive="1" Value="0303108080" StatusID="0001"/>
			<Cell CellID="J_52" CellID2="AB_62" Encode="1" Receive="1" Value="Phí xếp dỡ, niêm chì, khai hải quan, chứng từ, giao hàng" StatusID="0001"/>
			<Cell CellID="K_52" CellID2="AF_62" Encode="1" Receive="1" Value="5949200" StatusID="0001"/>
			<Cell CellID="L_52" CellID2="AJ_62" Encode="1" Receive="1" Value="10" StatusID="0001"/>
			<Cell CellID="M_52" CellID2="AN_62" Encode="1" Receive="1" Value="594920" StatusID="0001"/>
			<Cell CellID="N_52" CellID2="AR_62" Encode="1" Receive="1" Value="" StatusID="0001"/>
		</Cells>
		<Cells>
			<Cell CellID="C_53" CellID2="AU_63" FirstCell="1" Encode="0" Receive="1" Value="" StatusID="0001"/>
			<Cell CellID="D_53" CellID2="C_63" Encode="1" Receive="1" Value="" StatusID="0001"/>
			<Cell CellID="E_53" CellID2="E_63" Encode="1" Receive="1" Value="" StatusID="0001"/>
			<Cell CellID="F_53" CellID2="G_63" Encode="1" Receive="1" Value="0008990" StatusID="0001"/>
			<Cell CellID="G_53" CellID2="M_63" Encode="1" Receive="1" Value="13/01/2015" StatusID="0001"/>
			<Cell CellID="H_53" CellID2="R_63" Encode="1" Receive="1" Value="Công Ty Cổ Phần Chiếu Xạ An Phú" StatusID="0001"/>
			<Cell CellID="I_53" CellID2="X_63" Encode="1" Receive="1" Value="3700480244" StatusID="0001"/>
			<Cell CellID="J_53" CellID2="AB_63" Encode="1" Receive="1" Value="Phí xử lý cá khô" StatusID="0001"/>
			<Cell CellID="K_53" CellID2="AF_63" Encode="1" Receive="1" Value="2000000" StatusID="0001"/>
			<Cell CellID="L_53" CellID2="AJ_63" Encode="1" Receive="1" Value="10" StatusID="0001"/>
			<Cell CellID="M_53" CellID2="AN_63" Encode="1" Receive="1" Value="200000" StatusID="0001"/>
			<Cell CellID="N_53" CellID2="AR_63" Encode="1" Receive="1" Value="" StatusID="0001"/>
		</Cells>
		<Cells>
			<Cell CellID="C_54" CellID2="AU_64" FirstCell="1" Encode="0" Receive="1" Value="" StatusID="0001"/>
			<Cell CellID="D_54" CellID2="C_64" Encode="1" Receive="1" Value="" StatusID="0001"/>
			<Cell CellID="E_54" CellID2="E_64" Encode="1" Receive="1" Value="" StatusID="0001"/>
			<Cell CellID="F_54" CellID2="G_64" Encode="1" Receive="1" Value="0010421" StatusID="0001"/>
			<Cell CellID="G_54" CellID2="M_64" Encode="1" Receive="1" Value="19/01/2015" StatusID="0001"/>
			<Cell CellID="H_54" CellID2="R_64" Encode="1" Receive="1" Value="Công Ty TNHH Tốc Độ" StatusID="0001"/>
			<Cell CellID="I_54" CellID2="X_64" Encode="1" Receive="1" Value="0303108080" StatusID="0001"/>
			<Cell CellID="J_54" CellID2="AB_64" Encode="1" Receive="1" Value="Phí xếp dỡ, niêm chì, khai hải quan, chứng từ, giao hàng" StatusID="0001"/>
			<Cell CellID="K_54" CellID2="AF_64" Encode="1" Receive="1" Value="5940860" StatusID="0001"/>
			<Cell CellID="L_54" CellID2="AJ_64" Encode="1" Receive="1" Value="10" StatusID="0001"/>
			<Cell CellID="M_54" CellID2="AN_64" Encode="1" Receive="1" Value="594086" StatusID="0001"/>
			<Cell CellID="N_54" CellID2="AR_64" Encode="1" Receive="1" Value="" StatusID="0001"/>
		</Cells>
		<Cells>
			<Cell CellID="C_55" CellID2="AU_65" FirstCell="1" Encode="0" Receive="1" Value="" StatusID="0001"/>
			<Cell CellID="D_55" CellID2="C_65" Encode="1" Receive="1" Value="" StatusID="0001"/>
			<Cell CellID="E_55" CellID2="E_65" Encode="1" Receive="1" Value="" StatusID="0001"/>
			<Cell CellID="F_55" CellID2="G_65" Encode="1" Receive="1" Value="0045128" StatusID="0001"/>
			<Cell CellID="G_55" CellID2="M_65" Encode="1" Receive="1" Value="26/01/2015" StatusID="0001"/>
			<Cell CellID="H_55" CellID2="R_65" Encode="1" Receive="1" Value="Công Ty Điện Lực Long An" StatusID="0001"/>
			<Cell CellID="I_55" CellID2="X_65" Encode="1" Receive="1" Value="0300942001017" StatusID="0001"/>
			<Cell CellID="J_55" CellID2="AB_65" Encode="1" Receive="1" Value="Điện kỳ 3 T01/2015" StatusID="0001"/>
			<Cell CellID="K_55" CellID2="AF_65" Encode="1" Receive="1" Value="21718400" StatusID="0001"/>
			<Cell CellID="L_55" CellID2="AJ_65" Encode="1" Receive="1" Value="10" StatusID="0001"/>
			<Cell CellID="M_55" CellID2="AN_65" Encode="1" Receive="1" Value="2171840" StatusID="0001"/>
			<Cell CellID="N_55" CellID2="AR_65" Encode="1" Receive="1" Value="" StatusID="0001"/>
		</Cells>
		<Cells>
			<Cell CellID="C_56" CellID2="AU_66" FirstCell="1" Encode="0" Receive="1" Value="" StatusID="0001"/>
			<Cell CellID="D_56" CellID2="C_66" Encode="1" Receive="1" Value="" StatusID="0001"/>
			<Cell CellID="E_56" CellID2="E_66" Encode="1" Receive="1" Value="" StatusID="0001"/>
			<Cell CellID="F_56" CellID2="G_66" Encode="1" Receive="1" Value="0000144" StatusID="0001"/>
			<Cell CellID="G_56" CellID2="M_66" Encode="1" Receive="1" Value="31/01/2015" StatusID="0001"/>
			<Cell CellID="H_56" CellID2="R_66" Encode="1" Receive="1" Value="Công Ty Cổ Phần Chiếu Xạ An Phú" StatusID="0001"/>
			<Cell CellID="I_56" CellID2="X_66" Encode="1" Receive="1" Value="3700480244" StatusID="0001"/>
			<Cell CellID="J_56" CellID2="AB_66" Encode="1" Receive="1" Value="Phí xử lý cá khô, phí bốc xếp" StatusID="0001"/>
			<Cell CellID="K_56" CellID2="AF_66" Encode="1" Receive="1" Value="95012412" StatusID="0001"/>
			<Cell CellID="L_56" CellID2="AJ_66" Encode="1" Receive="1" Value="10" StatusID="0001"/>
			<Cell CellID="M_56" CellID2="AN_66" Encode="1" Receive="1" Value="9501241" StatusID="0001"/>
			<Cell CellID="N_56" CellID2="AR_66" Encode="1" Receive="1" Value="" StatusID="0001"/>
		</Cells>
		<Cells>
			<Cell CellID="C_57" CellID2="AU_67" FirstCell="1" Encode="0" Receive="1" Value="" StatusID="0001"/>
			<Cell CellID="D_57" CellID2="C_67" Encode="1" Receive="1" Value="" StatusID="0001"/>
			<Cell CellID="E_57" CellID2="E_67" Encode="1" Receive="1" Value="" StatusID="0001"/>
			<Cell CellID="F_57" CellID2="G_67" Encode="1" Receive="1" Value="0006532" StatusID="0001"/>
			<Cell CellID="G_57" CellID2="M_67" Encode="1" Receive="1" Value="06/01/2015" StatusID="0001"/>
			<Cell CellID="H_57" CellID2="R_67" Encode="1" Receive="1" Value="NH Eximbank Quận 11" StatusID="0001"/>
			<Cell CellID="I_57" CellID2="X_67" Encode="1" Receive="1" Value="0301179079-039" StatusID="0001"/>
			<Cell CellID="J_57" CellID2="AB_67" Encode="1" Receive="1" Value="Phí thanh toán phí kiểm nghiệm, dịch vụ" StatusID="0001"/>
			<Cell CellID="K_57" CellID2="AF_67" Encode="1" Receive="1" Value="20000" StatusID="0001"/>
			<Cell CellID="L_57" CellID2="AJ_67" Encode="1" Receive="1" Value="10" StatusID="0001"/>
			<Cell CellID="M_57" CellID2="AN_67" Encode="1" Receive="1" Value="2000" StatusID="0001"/>
			<Cell CellID="N_57" CellID2="AR_67" Encode="1" Receive="1" Value="" StatusID="0001"/>
		</Cells>
		<Cells>
			<Cell CellID="C_58" CellID2="AU_68" FirstCell="1" Encode="0" Receive="1" Value="" StatusID="0001"/>
			<Cell CellID="D_58" CellID2="C_68" Encode="1" Receive="1" Value="" StatusID="0001"/>
			<Cell CellID="E_58" CellID2="E_68" Encode="1" Receive="1" Value="" StatusID="0001"/>
			<Cell CellID="F_58" CellID2="G_68" Encode="1" Receive="1" Value="0006533" StatusID="0001"/>
			<Cell CellID="G_58" CellID2="M_68" Encode="1" Receive="1" Value="06/01/2015" StatusID="0001"/>
			<Cell CellID="H_58" CellID2="R_68" Encode="1" Receive="1" Value="NH Eximbank Quận 11" StatusID="0001"/>
			<Cell CellID="I_58" CellID2="X_68" Encode="1" Receive="1" Value="0301179079-039" StatusID="0001"/>
			<Cell CellID="J_58" CellID2="AB_68" Encode="1" Receive="1" Value="Phí thanh toán bảo hộ lao động" StatusID="0001"/>
			<Cell CellID="K_58" CellID2="AF_68" Encode="1" Receive="1" Value="40000" StatusID="0001"/>
			<Cell CellID="L_58" CellID2="AJ_68" Encode="1" Receive="1" Value="10" StatusID="0001"/>
			<Cell CellID="M_58" CellID2="AN_68" Encode="1" Receive="1" Value="4000" StatusID="0001"/>
			<Cell CellID="N_58" CellID2="AR_68" Encode="1" Receive="1" Value="" StatusID="0001"/>
		</Cells>
		<Cells>
			<Cell CellID="C_59" CellID2="AU_69" FirstCell="1" Encode="0" Receive="1" Value="" StatusID="0001"/>
			<Cell CellID="D_59" CellID2="C_69" Encode="1" Receive="1" Value="" StatusID="0001"/>
			<Cell CellID="E_59" CellID2="E_69" Encode="1" Receive="1" Value="" StatusID="0001"/>
			<Cell CellID="F_59" CellID2="G_69" Encode="1" Receive="1" Value="0006534" StatusID="0001"/>
			<Cell CellID="G_59" CellID2="M_69" Encode="1" Receive="1" Value="06/01/2015" StatusID="0001"/>
			<Cell CellID="H_59" CellID2="R_69" Encode="1" Receive="1" Value="NH Eximbank Quận 11" StatusID="0001"/>
			<Cell CellID="I_59" CellID2="X_69" Encode="1" Receive="1" Value="0301179079-039" StatusID="0001"/>
			<Cell CellID="J_59" CellID2="AB_69" Encode="1" Receive="1" Value="Phí Thanh toán tiền điện" StatusID="0001"/>
			<Cell CellID="K_59" CellID2="AF_69" Encode="1" Receive="1" Value="45000" StatusID="0001"/>
			<Cell CellID="L_59" CellID2="AJ_69" Encode="1" Receive="1" Value="10" StatusID="0001"/>
			<Cell CellID="M_59" CellID2="AN_69" Encode="1" Receive="1" Value="4500" StatusID="0001"/>
			<Cell CellID="N_59" CellID2="AR_69" Encode="1" Receive="1" Value="" StatusID="0001"/>
		</Cells>
		<Cells>
			<Cell CellID="C_60" CellID2="AU_70" FirstCell="1" Encode="0" Receive="1" Value="" StatusID="0001"/>
			<Cell CellID="D_60" CellID2="C_70" Encode="1" Receive="1" Value="" StatusID="0001"/>
			<Cell CellID="E_60" CellID2="E_70" Encode="1" Receive="1" Value="" StatusID="0001"/>
			<Cell CellID="F_60" CellID2="G_70" Encode="1" Receive="1" Value="0006535" StatusID="0001"/>
			<Cell CellID="G_60" CellID2="M_70" Encode="1" Receive="1" Value="06/01/2015" StatusID="0001"/>
			<Cell CellID="H_60" CellID2="R_70" Encode="1" Receive="1" Value="NH Eximbank Quận 11" StatusID="0001"/>
			<Cell CellID="I_60" CellID2="X_70" Encode="1" Receive="1" Value="0301179079-039" StatusID="0001"/>
			<Cell CellID="J_60" CellID2="AB_70" Encode="1" Receive="1" Value="Phí thanh toán phí kiểm nghiệm, dịch vụ" StatusID="0001"/>
			<Cell CellID="K_60" CellID2="AF_70" Encode="1" Receive="1" Value="40000" StatusID="0001"/>
			<Cell CellID="L_60" CellID2="AJ_70" Encode="1" Receive="1" Value="10" StatusID="0001"/>
			<Cell CellID="M_60" CellID2="AN_70" Encode="1" Receive="1" Value="4000" StatusID="0001"/>
			<Cell CellID="N_60" CellID2="AR_70" Encode="1" Receive="1" Value="" StatusID="0001"/>
		</Cells>
		<Cells>
			<Cell CellID="C_61" CellID2="AU_71" FirstCell="1" Encode="0" Receive="1" Value="" StatusID="0001"/>
			<Cell CellID="D_61" CellID2="C_71" Encode="1" Receive="1" Value="" StatusID="0001"/>
			<Cell CellID="E_61" CellID2="E_71" Encode="1" Receive="1" Value="" StatusID="0001"/>
			<Cell CellID="F_61" CellID2="G_71" Encode="1" Receive="1" Value="0006536" StatusID="0001"/>
			<Cell CellID="G_61" CellID2="M_71" Encode="1" Receive="1" Value="06/01/2015" StatusID="0001"/>
			<Cell CellID="H_61" CellID2="R_71" Encode="1" Receive="1" Value="NH Eximbank Quận 11" StatusID="0001"/>
			<Cell CellID="I_61" CellID2="X_71" Encode="1" Receive="1" Value="0301179079-039" StatusID="0001"/>
			<Cell CellID="J_61" CellID2="AB_71" Encode="1" Receive="1" Value="Phí thanh toán tiền xử lý cá khổ" StatusID="0001"/>
			<Cell CellID="K_61" CellID2="AF_71" Encode="1" Receive="1" Value="45000" StatusID="0001"/>
			<Cell CellID="L_61" CellID2="AJ_71" Encode="1" Receive="1" Value="10" StatusID="0001"/>
			<Cell CellID="M_61" CellID2="AN_71" Encode="1" Receive="1" Value="4500" StatusID="0001"/>
			<Cell CellID="N_61" CellID2="AR_71" Encode="1" Receive="1" Value="" StatusID="0001"/>
		</Cells>
		<Cells>
			<Cell CellID="C_62" CellID2="AU_72" FirstCell="1" Encode="0" Receive="1" Value="" StatusID="0001"/>
			<Cell CellID="D_62" CellID2="C_72" Encode="1" Receive="1" Value="" StatusID="0001"/>
			<Cell CellID="E_62" CellID2="E_72" Encode="1" Receive="1" Value="" StatusID="0001"/>
			<Cell CellID="F_62" CellID2="G_72" Encode="1" Receive="1" Value="0007992" StatusID="0001"/>
			<Cell CellID="G_62" CellID2="M_72" Encode="1" Receive="1" Value="07/01/2015" StatusID="0001"/>
			<Cell CellID="H_62" CellID2="R_72" Encode="1" Receive="1" Value="NH Eximbank Quận 11" StatusID="0001"/>
			<Cell CellID="I_62" CellID2="X_72" Encode="1" Receive="1" Value="0301179079-039" StatusID="0001"/>
			<Cell CellID="J_62" CellID2="AB_72" Encode="1" Receive="1" Value="Phí Thanh toán cước vận chuyển" StatusID="0001"/>
			<Cell CellID="K_62" CellID2="AF_72" Encode="1" Receive="1" Value="30000" StatusID="0001"/>
			<Cell CellID="L_62" CellID2="AJ_72" Encode="1" Receive="1" Value="10" StatusID="0001"/>
			<Cell CellID="M_62" CellID2="AN_72" Encode="1" Receive="1" Value="3000" StatusID="0001"/>
			<Cell CellID="N_62" CellID2="AR_72" Encode="1" Receive="1" Value="" StatusID="0001"/>
		</Cells>
		<Cells>
			<Cell CellID="C_63" CellID2="AU_73" FirstCell="1" Encode="0" Receive="1" Value="" StatusID="0001"/>
			<Cell CellID="D_63" CellID2="C_73" Encode="1" Receive="1" Value="" StatusID="0001"/>
			<Cell CellID="E_63" CellID2="E_73" Encode="1" Receive="1" Value="" StatusID="0001"/>
			<Cell CellID="F_63" CellID2="G_73" Encode="1" Receive="1" Value="0008713" StatusID="0001"/>
			<Cell CellID="G_63" CellID2="M_73" Encode="1" Receive="1" Value="08/01/2015" StatusID="0001"/>
			<Cell CellID="H_63" CellID2="R_73" Encode="1" Receive="1" Value="NH Eximbank Quận 11" StatusID="0001"/>
			<Cell CellID="I_63" CellID2="X_73" Encode="1" Receive="1" Value="0301179079-039" StatusID="0001"/>
			<Cell CellID="J_63" CellID2="AB_73" Encode="1" Receive="1" Value="Phí Thanh toán cước vận chuyển và phí liên quan" StatusID="0001"/>
			<Cell CellID="K_63" CellID2="AF_73" Encode="1" Receive="1" Value="45681" StatusID="0001"/>
			<Cell CellID="L_63" CellID2="AJ_73" Encode="1" Receive="1" Value="10" StatusID="0001"/>
			<Cell CellID="M_63" CellID2="AN_73" Encode="1" Receive="1" Value="4568" StatusID="0001"/>
			<Cell CellID="N_63" CellID2="AR_73" Encode="1" Receive="1" Value="" StatusID="0001"/>
		</Cells>
		<Cells>
			<Cell CellID="C_64" CellID2="AU_74" FirstCell="1" Encode="0" Receive="1" Value="" StatusID="0001"/>
			<Cell CellID="D_64" CellID2="C_74" Encode="1" Receive="1" Value="" StatusID="0001"/>
			<Cell CellID="E_64" CellID2="E_74" Encode="1" Receive="1" Value="" StatusID="0001"/>
			<Cell CellID="F_64" CellID2="G_74" Encode="1" Receive="1" Value="0013248" StatusID="0001"/>
			<Cell CellID="G_64" CellID2="M_74" Encode="1" Receive="1" Value="13/01/2015" StatusID="0001"/>
			<Cell CellID="H_64" CellID2="R_74" Encode="1" Receive="1" Value="NH Eximbank Quận 11" StatusID="0001"/>
			<Cell CellID="I_64" CellID2="X_74" Encode="1" Receive="1" Value="0301179079-039" StatusID="0001"/>
			<Cell CellID="J_64" CellID2="AB_74" Encode="1" Receive="1" Value="Phí dịch vụ" StatusID="0001"/>
			<Cell CellID="K_64" CellID2="AF_74" Encode="1" Receive="1" Value="25000" StatusID="0001"/>
			<Cell CellID="L_64" CellID2="AJ_74" Encode="1" Receive="1" Value="10" StatusID="0001"/>
			<Cell CellID="M_64" CellID2="AN_74" Encode="1" Receive="1" Value="2500" StatusID="0001"/>
			<Cell CellID="N_64" CellID2="AR_74" Encode="1" Receive="1" Value="" StatusID="0001"/>
		</Cells>
		<Cells>
			<Cell CellID="C_65" CellID2="AU_75" FirstCell="1" Encode="0" Receive="1" Value="" StatusID="0001"/>
			<Cell CellID="D_65" CellID2="C_75" Encode="1" Receive="1" Value="" StatusID="0001"/>
			<Cell CellID="E_65" CellID2="E_75" Encode="1" Receive="1" Value="" StatusID="0001"/>
			<Cell CellID="F_65" CellID2="G_75" Encode="1" Receive="1" Value="0015756" StatusID="0001"/>
			<Cell CellID="G_65" CellID2="M_75" Encode="1" Receive="1" Value="19/01/2015" StatusID="0001"/>
			<Cell CellID="H_65" CellID2="R_75" Encode="1" Receive="1" Value="NH Eximbank Quận 11" StatusID="0001"/>
			<Cell CellID="I_65" CellID2="X_75" Encode="1" Receive="1" Value="0301179079-039" StatusID="0001"/>
			<Cell CellID="J_65" CellID2="AB_75" Encode="1" Receive="1" Value="Phí Thanh toán tiền điện" StatusID="0001"/>
			<Cell CellID="K_65" CellID2="AF_75" Encode="1" Receive="1" Value="25000" StatusID="0001"/>
			<Cell CellID="L_65" CellID2="AJ_75" Encode="1" Receive="1" Value="10" StatusID="0001"/>
			<Cell CellID="M_65" CellID2="AN_75" Encode="1" Receive="1" Value="2500" StatusID="0001"/>
			<Cell CellID="N_65" CellID2="AR_75" Encode="1" Receive="1" Value="" StatusID="0001"/>
		</Cells>
		<Cells>
			<Cell CellID="C_66" CellID2="AU_76" FirstCell="1" Encode="0" Receive="1" Value="" StatusID="0001"/>
			<Cell CellID="D_66" CellID2="C_76" Encode="1" Receive="1" Value="" StatusID="0001"/>
			<Cell CellID="E_66" CellID2="E_76" Encode="1" Receive="1" Value="" StatusID="0001"/>
			<Cell CellID="F_66" CellID2="G_76" Encode="1" Receive="1" Value="0016253" StatusID="0001"/>
			<Cell CellID="G_66" CellID2="M_76" Encode="1" Receive="1" Value="20/01/2015" StatusID="0001"/>
			<Cell CellID="H_66" CellID2="R_76" Encode="1" Receive="1" Value="NH Eximbank Quận 11" StatusID="0001"/>
			<Cell CellID="I_66" CellID2="X_76" Encode="1" Receive="1" Value="0301179079-039" StatusID="0001"/>
			<Cell CellID="J_66" CellID2="AB_76" Encode="1" Receive="1" Value="Phí Thanh toán bảo hiểm" StatusID="0001"/>
			<Cell CellID="K_66" CellID2="AF_76" Encode="1" Receive="1" Value="25000" StatusID="0001"/>
			<Cell CellID="L_66" CellID2="AJ_76" Encode="1" Receive="1" Value="10" StatusID="0001"/>
			<Cell CellID="M_66" CellID2="AN_76" Encode="1" Receive="1" Value="2500" StatusID="0001"/>
			<Cell CellID="N_66" CellID2="AR_76" Encode="1" Receive="1" Value="" StatusID="0001"/>
		</Cells>
		<Cells>
			<Cell CellID="C_67" CellID2="AU_77" FirstCell="1" Encode="0" Receive="1" Value="" StatusID="0001"/>
			<Cell CellID="D_67" CellID2="C_77" Encode="1" Receive="1" Value="" StatusID="0001"/>
			<Cell CellID="E_67" CellID2="E_77" Encode="1" Receive="1" Value="" StatusID="0001"/>
			<Cell CellID="F_67" CellID2="G_77" Encode="1" Receive="1" Value="0016254" StatusID="0001"/>
			<Cell CellID="G_67" CellID2="M_77" Encode="1" Receive="1" Value="20/01/2015" StatusID="0001"/>
			<Cell CellID="H_67" CellID2="R_77" Encode="1" Receive="1" Value="NH Eximbank Quận 11" StatusID="0001"/>
			<Cell CellID="I_67" CellID2="X_77" Encode="1" Receive="1" Value="0301179079-039" StatusID="0001"/>
			<Cell CellID="J_67" CellID2="AB_77" Encode="1" Receive="1" Value="Phí thanh toán phí kiểm nghiệm" StatusID="0001"/>
			<Cell CellID="K_67" CellID2="AF_77" Encode="1" Receive="1" Value="20000" StatusID="0001"/>
			<Cell CellID="L_67" CellID2="AJ_77" Encode="1" Receive="1" Value="10" StatusID="0001"/>
			<Cell CellID="M_67" CellID2="AN_77" Encode="1" Receive="1" Value="2000" StatusID="0001"/>
			<Cell CellID="N_67" CellID2="AR_77" Encode="1" Receive="1" Value="" StatusID="0001"/>
		</Cells>
		<Cells>
			<Cell CellID="C_68" CellID2="AU_78" FirstCell="1" Encode="0" Receive="1" Value="" StatusID="0001"/>
			<Cell CellID="D_68" CellID2="C_78" Encode="1" Receive="1" Value="" StatusID="0001"/>
			<Cell CellID="E_68" CellID2="E_78" Encode="1" Receive="1" Value="" StatusID="0001"/>
			<Cell CellID="F_68" CellID2="G_78" Encode="1" Receive="1" Value="0016255" StatusID="0001"/>
			<Cell CellID="G_68" CellID2="M_78" Encode="1" Receive="1" Value="20/01/2015" StatusID="0001"/>
			<Cell CellID="H_68" CellID2="R_78" Encode="1" Receive="1" Value="NH Eximbank Quận 11" StatusID="0001"/>
			<Cell CellID="I_68" CellID2="X_78" Encode="1" Receive="1" Value="0301179079-039" StatusID="0001"/>
			<Cell CellID="J_68" CellID2="AB_78" Encode="1" Receive="1" Value="Phí thanh toán phí kiểm nghiệm" StatusID="0001"/>
			<Cell CellID="K_68" CellID2="AF_78" Encode="1" Receive="1" Value="20000" StatusID="0001"/>
			<Cell CellID="L_68" CellID2="AJ_78" Encode="1" Receive="1" Value="10" StatusID="0001"/>
			<Cell CellID="M_68" CellID2="AN_78" Encode="1" Receive="1" Value="2000" StatusID="0001"/>
			<Cell CellID="N_68" CellID2="AR_78" Encode="1" Receive="1" Value="" StatusID="0001"/>
		</Cells>
		<Cells>
			<Cell CellID="C_69" CellID2="AU_79" FirstCell="1" Encode="0" Receive="1" Value="" StatusID="0001"/>
			<Cell CellID="D_69" CellID2="C_79" Encode="1" Receive="1" Value="" StatusID="0001"/>
			<Cell CellID="E_69" CellID2="E_79" Encode="1" Receive="1" Value="" StatusID="0001"/>
			<Cell CellID="F_69" CellID2="G_79" Encode="1" Receive="1" Value="0016256" StatusID="0001"/>
			<Cell CellID="G_69" CellID2="M_79" Encode="1" Receive="1" Value="20/01/2015" StatusID="0001"/>
			<Cell CellID="H_69" CellID2="R_79" Encode="1" Receive="1" Value="NH Eximbank Quận 11" StatusID="0001"/>
			<Cell CellID="I_69" CellID2="X_79" Encode="1" Receive="1" Value="0301179079-039" StatusID="0001"/>
			<Cell CellID="J_69" CellID2="AB_79" Encode="1" Receive="1" Value="Phí thanh toán tiền muối" StatusID="0001"/>
			<Cell CellID="K_69" CellID2="AF_79" Encode="1" Receive="1" Value="20000" StatusID="0001"/>
			<Cell CellID="L_69" CellID2="AJ_79" Encode="1" Receive="1" Value="10" StatusID="0001"/>
			<Cell CellID="M_69" CellID2="AN_79" Encode="1" Receive="1" Value="2000" StatusID="0001"/>
			<Cell CellID="N_69" CellID2="AR_79" Encode="1" Receive="1" Value="" StatusID="0001"/>
		</Cells>
		<Cells>
			<Cell CellID="C_70" CellID2="AU_80" FirstCell="1" Encode="0" Receive="1" Value="" StatusID="0001"/>
			<Cell CellID="D_70" CellID2="C_80" Encode="1" Receive="1" Value="" StatusID="0001"/>
			<Cell CellID="E_70" CellID2="E_80" Encode="1" Receive="1" Value="" StatusID="0001"/>
			<Cell CellID="F_70" CellID2="G_80" Encode="1" Receive="1" Value="0016257" StatusID="0001"/>
			<Cell CellID="G_70" CellID2="M_80" Encode="1" Receive="1" Value="20/01/2015" StatusID="0001"/>
			<Cell CellID="H_70" CellID2="R_80" Encode="1" Receive="1" Value="NH Eximbank Quận 11" StatusID="0001"/>
			<Cell CellID="I_70" CellID2="X_80" Encode="1" Receive="1" Value="0301179079-039" StatusID="0001"/>
			<Cell CellID="J_70" CellID2="AB_80" Encode="1" Receive="1" Value="Phí nôp tiền BHXH" StatusID="0001"/>
			<Cell CellID="K_70" CellID2="AF_80" Encode="1" Receive="1" Value="50000" StatusID="0001"/>
			<Cell CellID="L_70" CellID2="AJ_80" Encode="1" Receive="1" Value="10" StatusID="0001"/>
			<Cell CellID="M_70" CellID2="AN_80" Encode="1" Receive="1" Value="5000" StatusID="0001"/>
			<Cell CellID="N_70" CellID2="AR_80" Encode="1" Receive="1" Value="" StatusID="0001"/>
		</Cells>
		<Cells>
			<Cell CellID="C_71" CellID2="AU_81" FirstCell="1" Encode="0" Receive="1" Value="" StatusID="0001"/>
			<Cell CellID="D_71" CellID2="C_81" Encode="1" Receive="1" Value="" StatusID="0001"/>
			<Cell CellID="E_71" CellID2="E_81" Encode="1" Receive="1" Value="" StatusID="0001"/>
			<Cell CellID="F_71" CellID2="G_81" Encode="1" Receive="1" Value="0022412" StatusID="0001"/>
			<Cell CellID="G_71" CellID2="M_81" Encode="1" Receive="1" Value="29/01/2015" StatusID="0001"/>
			<Cell CellID="H_71" CellID2="R_81" Encode="1" Receive="1" Value="NH Eximbank Quận 11" StatusID="0001"/>
			<Cell CellID="I_71" CellID2="X_81" Encode="1" Receive="1" Value="0301179079-039" StatusID="0001"/>
			<Cell CellID="J_71" CellID2="AB_81" Encode="1" Receive="1" Value="Phí dịch vụ thanh toán" StatusID="0001"/>
			<Cell CellID="K_71" CellID2="AF_81" Encode="1" Receive="1" Value="27000" StatusID="0001"/>
			<Cell CellID="L_71" CellID2="AJ_81" Encode="1" Receive="1" Value="10" StatusID="0001"/>
			<Cell CellID="M_71" CellID2="AN_81" Encode="1" Receive="1" Value="2700" StatusID="0001"/>
			<Cell CellID="N_71" CellID2="AR_81" Encode="1" Receive="1" Value="" StatusID="0001"/>
		</Cells>
		<Cells>
			<Cell CellID="C_72" CellID2="AU_82" FirstCell="1" Encode="0" Receive="1" Value="" StatusID="0001"/>
			<Cell CellID="D_72" CellID2="C_82" Encode="1" Receive="1" Value="" StatusID="0001"/>
			<Cell CellID="E_72" CellID2="E_82" Encode="1" Receive="1" Value="" StatusID="0001"/>
			<Cell CellID="F_72" CellID2="G_82" Encode="1" Receive="1" Value="0022413" StatusID="0001"/>
			<Cell CellID="G_72" CellID2="M_82" Encode="1" Receive="1" Value="29/01/2015" StatusID="0001"/>
			<Cell CellID="H_72" CellID2="R_82" Encode="1" Receive="1" Value="NH Eximbank Quận 11" StatusID="0001"/>
			<Cell CellID="I_72" CellID2="X_82" Encode="1" Receive="1" Value="0301179079-039" StatusID="0001"/>
			<Cell CellID="J_72" CellID2="AB_82" Encode="1" Receive="1" Value="Phí Thanh toán tiền điện" StatusID="0001"/>
			<Cell CellID="K_72" CellID2="AF_82" Encode="1" Receive="1" Value="25000" StatusID="0001"/>
			<Cell CellID="L_72" CellID2="AJ_82" Encode="1" Receive="1" Value="10" StatusID="0001"/>
			<Cell CellID="M_72" CellID2="AN_82" Encode="1" Receive="1" Value="2500" StatusID="0001"/>
			<Cell CellID="N_72" CellID2="AR_82" Encode="1" Receive="1" Value="" StatusID="0001"/>
		</Cells>
		<Cells>
			<Cell CellID="C_73" CellID2="AU_83" FirstCell="1" Encode="0" Receive="1" Value="" StatusID="0001"/>
			<Cell CellID="D_73" CellID2="C_83" Encode="1" Receive="1" Value="" StatusID="0001"/>
			<Cell CellID="E_73" CellID2="E_83" Encode="1" Receive="1" Value="" StatusID="0001"/>
			<Cell CellID="F_73" CellID2="G_83" Encode="1" Receive="1" Value="0001791" StatusID="0001"/>
			<Cell CellID="G_73" CellID2="M_83" Encode="1" Receive="1" Value="16/01/2015" StatusID="0001"/>
			<Cell CellID="H_73" CellID2="R_83" Encode="1" Receive="1" Value="NH Eximbank Quận 11" StatusID="0001"/>
			<Cell CellID="I_73" CellID2="X_83" Encode="1" Receive="1" Value="0301179079-039" StatusID="0001"/>
			<Cell CellID="J_73" CellID2="AB_83" Encode="1" Receive="1" Value="Phí dịch vụ thanh toán" StatusID="0001"/>
			<Cell CellID="K_73" CellID2="AF_83" Encode="1" Receive="1" Value="1158044" StatusID="0001"/>
			<Cell CellID="L_73" CellID2="AJ_83" Encode="1" Receive="1" Value="10" StatusID="0001"/>
			<Cell CellID="M_73" CellID2="AN_83" Encode="1" Receive="1" Value="115741" StatusID="0001"/>
			<Cell CellID="N_73" CellID2="AR_83" Encode="1" Receive="1" Value="" StatusID="0001"/>
		</Cells>
		<Cells>
			<Cell CellID="C_74" CellID2="AU_84" FirstCell="1" Encode="0" Receive="1" Value="" StatusID="0001"/>
			<Cell CellID="D_74" CellID2="C_84" Encode="1" Receive="1" Value="" StatusID="0001"/>
			<Cell CellID="E_74" CellID2="E_84" Encode="1" Receive="1" Value="" StatusID="0001"/>
			<Cell CellID="F_74" CellID2="G_84" Encode="1" Receive="1" Value="0002160" StatusID="0001"/>
			<Cell CellID="G_74" CellID2="M_84" Encode="1" Receive="1" Value="13/01/2015" StatusID="0001"/>
			<Cell CellID="H_74" CellID2="R_84" Encode="1" Receive="1" Value="NH Eximbank Quận 11" StatusID="0001"/>
			<Cell CellID="I_74" CellID2="X_84" Encode="1" Receive="1" Value="0301179079-039" StatusID="0001"/>
			<Cell CellID="J_74" CellID2="AB_84" Encode="1" Receive="1" Value="Phí dịch vụ thanh toán" StatusID="0001"/>
			<Cell CellID="K_74" CellID2="AF_84" Encode="1" Receive="1" Value="384309" StatusID="0001"/>
			<Cell CellID="L_74" CellID2="AJ_84" Encode="1" Receive="1" Value="10" StatusID="0001"/>
			<Cell CellID="M_74" CellID2="AN_84" Encode="1" Receive="1" Value="38367" StatusID="0001"/>
			<Cell CellID="N_74" CellID2="AR_84" Encode="1" Receive="1" Value="" StatusID="0001"/>
		</Cells>
		<Cells>
			<Cell CellID="C_75" CellID2="AU_85" FirstCell="1" Encode="0" Receive="1" Value="" StatusID="0001"/>
			<Cell CellID="D_75" CellID2="C_85" Encode="1" Receive="1" Value="" StatusID="0001"/>
			<Cell CellID="E_75" CellID2="E_85" Encode="1" Receive="1" Value="" StatusID="0001"/>
			<Cell CellID="F_75" CellID2="G_85" Encode="1" Receive="1" Value="0003304" StatusID="0001"/>
			<Cell CellID="G_75" CellID2="M_85" Encode="1" Receive="1" Value="17/01/2015" StatusID="0001"/>
			<Cell CellID="H_75" CellID2="R_85" Encode="1" Receive="1" Value="NH Eximbank Quận 4" StatusID="0001"/>
			<Cell CellID="I_75" CellID2="X_85" Encode="1" Receive="1" Value="0301179079" StatusID="0001"/>
			<Cell CellID="J_75" CellID2="AB_85" Encode="1" Receive="1" Value="Phí xử lý bộ chứng từ" StatusID="0001"/>
			<Cell CellID="K_75" CellID2="AF_85" Encode="1" Receive="1" Value="213250" StatusID="0001"/>
			<Cell CellID="L_75" CellID2="AJ_85" Encode="1" Receive="1" Value="10" StatusID="0001"/>
			<Cell CellID="M_75" CellID2="AN_85" Encode="1" Receive="1" Value="21325" StatusID="0001"/>
			<Cell CellID="N_75" CellID2="AR_85" Encode="1" Receive="1" Value="" StatusID="0001"/>
		</Cells>
		<Cells>
			<Cell CellID="C_76" CellID2="AU_86" FirstCell="1" Encode="0" Receive="1" Value="" StatusID="0001"/>
			<Cell CellID="D_76" CellID2="C_86" Encode="1" Receive="1" Value="" StatusID="0001"/>
			<Cell CellID="E_76" CellID2="E_86" Encode="1" Receive="1" Value="" StatusID="0001"/>
			<Cell CellID="F_76" CellID2="G_86" Encode="1" Receive="1" Value="0003304" StatusID="0001"/>
			<Cell CellID="G_76" CellID2="M_86" Encode="1" Receive="1" Value="17/01/2015" StatusID="0001"/>
			<Cell CellID="H_76" CellID2="R_86" Encode="1" Receive="1" Value="NH Eximbank Quận 4" StatusID="0001"/>
			<Cell CellID="I_76" CellID2="X_86" Encode="1" Receive="1" Value="0301179079" StatusID="0001"/>
			<Cell CellID="J_76" CellID2="AB_86" Encode="1" Receive="1" Value="Bưu phí" StatusID="0001"/>
			<Cell CellID="K_76" CellID2="AF_86" Encode="1" Receive="1" Value="1171382" StatusID="0001"/>
			<Cell CellID="L_76" CellID2="AJ_86" Encode="1" Receive="1" Value="10" StatusID="0001"/>
			<Cell CellID="M_76" CellID2="AN_86" Encode="1" Receive="1" Value="117074" StatusID="0001"/>
			<Cell CellID="N_76" CellID2="AR_86" Encode="1" Receive="1" Value="" StatusID="0001"/>
		</Cells>
		<Cells>
			<Cell CellID="C_77" CellID2="AU_87" FirstCell="1" Encode="0" Receive="1" Value="" StatusID="0001"/>
			<Cell CellID="D_77" CellID2="C_87" Encode="1" Receive="1" Value="" StatusID="0001"/>
			<Cell CellID="E_77" CellID2="E_87" Encode="1" Receive="1" Value="" StatusID="0001"/>
			<Cell CellID="F_77" CellID2="G_87" Encode="1" Receive="1" Value="0003304" StatusID="0001"/>
			<Cell CellID="G_77" CellID2="M_87" Encode="1" Receive="1" Value="17/01/2015" StatusID="0001"/>
			<Cell CellID="H_77" CellID2="R_87" Encode="1" Receive="1" Value="NH Eximbank Quận 4" StatusID="0001"/>
			<Cell CellID="I_77" CellID2="X_87" Encode="1" Receive="1" Value="0301179079" StatusID="0001"/>
			<Cell CellID="J_77" CellID2="AB_87" Encode="1" Receive="1" Value="Phí thanh toán bộ chứng từ" StatusID="0001"/>
			<Cell CellID="K_77" CellID2="AF_87" Encode="1" Receive="1" Value="675363" StatusID="0001"/>
			<Cell CellID="L_77" CellID2="AJ_87" Encode="1" Receive="1" Value="10" StatusID="0001"/>
			<Cell CellID="M_77" CellID2="AN_87" Encode="1" Receive="1" Value="67600" StatusID="0001"/>
			<Cell CellID="N_77" CellID2="AR_87" Encode="1" Receive="1" Value="" StatusID="0001"/>
		</Cells>
		<Cells>
			<Cell CellID="C_78" CellID2="AU_88" FirstCell="1" Encode="0" Receive="1" Value="" StatusID="0001"/>
			<Cell CellID="D_78" CellID2="C_88" Encode="1" Receive="1" Value="" StatusID="0001"/>
			<Cell CellID="E_78" CellID2="E_88" Encode="1" Receive="1" Value="" StatusID="0001"/>
			<Cell CellID="F_78" CellID2="G_88" Encode="1" Receive="1" Value="0006120" StatusID="0001"/>
			<Cell CellID="G_78" CellID2="M_88" Encode="1" Receive="1" Value="29/01/2015" StatusID="0001"/>
			<Cell CellID="H_78" CellID2="R_88" Encode="1" Receive="1" Value="NH Eximbank Quận 4" StatusID="0001"/>
			<Cell CellID="I_78" CellID2="X_88" Encode="1" Receive="1" Value="0301179079" StatusID="0001"/>
			<Cell CellID="J_78" CellID2="AB_88" Encode="1" Receive="1" Value="Phí thanh toán bộ chứng từ" StatusID="0001"/>
			<Cell CellID="K_78" CellID2="AF_88" Encode="1" Receive="1" Value="675204" StatusID="0001"/>
			<Cell CellID="L_78" CellID2="AJ_88" Encode="1" Receive="1" Value="10" StatusID="0001"/>
			<Cell CellID="M_78" CellID2="AN_88" Encode="1" Receive="1" Value="67584" StatusID="0001"/>
			<Cell CellID="N_78" CellID2="AR_88" Encode="1" Receive="1" Value="" StatusID="0001"/>
		</Cells>
		<Cells>
			<Cell CellID="C_79" CellID2="AU_89" FirstCell="1" Encode="0" Receive="1" Value="" StatusID="0001"/>
			<Cell CellID="D_79" CellID2="C_89" Encode="1" Receive="1" Value="" StatusID="0001"/>
			<Cell CellID="E_79" CellID2="E_89" Encode="1" Receive="1" Value="" StatusID="0001"/>
			<Cell CellID="F_79" CellID2="G_89" Encode="1" Receive="1" Value="0006120" StatusID="0001"/>
			<Cell CellID="G_79" CellID2="M_89" Encode="1" Receive="1" Value="29/01/2015" StatusID="0001"/>
			<Cell CellID="H_79" CellID2="R_89" Encode="1" Receive="1" Value="NH Eximbank Quận 4" StatusID="0001"/>
			<Cell CellID="I_79" CellID2="X_89" Encode="1" Receive="1" Value="0301179079" StatusID="0001"/>
			<Cell CellID="J_79" CellID2="AB_89" Encode="1" Receive="1" Value="Phí xử lý bộ chứng từ" StatusID="0001"/>
			<Cell CellID="K_79" CellID2="AF_89" Encode="1" Receive="1" Value="213200" StatusID="0001"/>
			<Cell CellID="L_79" CellID2="AJ_89" Encode="1" Receive="1" Value="10" StatusID="0001"/>
			<Cell CellID="M_79" CellID2="AN_89" Encode="1" Receive="1" Value="21320" StatusID="0001"/>
			<Cell CellID="N_79" CellID2="AR_89" Encode="1" Receive="1" Value="" StatusID="0001"/>
		</Cells>
		<Cells>
			<Cell CellID="C_80" CellID2="AU_90" FirstCell="1" Encode="0" Receive="1" Value="" StatusID="0001"/>
			<Cell CellID="D_80" CellID2="C_90" Encode="1" Receive="1" Value="" StatusID="0001"/>
			<Cell CellID="E_80" CellID2="E_90" Encode="1" Receive="1" Value="" StatusID="0001"/>
			<Cell CellID="F_80" CellID2="G_90" Encode="1" Receive="1" Value="0006120" StatusID="0001"/>
			<Cell CellID="G_80" CellID2="M_90" Encode="1" Receive="1" Value="29/01/2015" StatusID="0001"/>
			<Cell CellID="H_80" CellID2="R_90" Encode="1" Receive="1" Value="NH Eximbank Quận 4" StatusID="0001"/>
			<Cell CellID="I_80" CellID2="X_90" Encode="1" Receive="1" Value="0301179079" StatusID="0001"/>
			<Cell CellID="J_80" CellID2="AB_90" Encode="1" Receive="1" Value="Bưu phí" StatusID="0001"/>
			<Cell CellID="K_80" CellID2="AF_90" Encode="1" Receive="1" Value="1171108" StatusID="0001"/>
			<Cell CellID="L_80" CellID2="AJ_90" Encode="1" Receive="1" Value="10" StatusID="0001"/>
			<Cell CellID="M_80" CellID2="AN_90" Encode="1" Receive="1" Value="117047" StatusID="0001"/>
			<Cell CellID="N_80" CellID2="AR_90" Encode="1" Receive="1" Value="" StatusID="0001"/>
		</Cells>
	</Section>
	<Section Dynamic="1" MaxRows="0">
		<Cells>
			<Cell CellID="C_85" CellID2="AU_95" FirstCell="0" Encode="0" Receive="1" Value="" StatusID="0001"/>
			<Cell CellID="D_85" CellID2="C_95" Encode="1" Receive="1" Value="" StatusID="0001"/>
			<Cell CellID="E_85" CellID2="E_95" Encode="1" Receive="1" Value="" StatusID="0001"/>
			<Cell CellID="F_85" CellID2="G_95" Encode="1" Receive="1" Value="" StatusID="0001"/>
			<Cell CellID="G_85" CellID2="M_95" Encode="1" Receive="1" Value="" StatusID="0001"/>
			<Cell CellID="H_85" CellID2="R_95" Encode="1" Receive="1" Value="" StatusID="0001"/>
			<Cell CellID="I_85" CellID2="X_95" Encode="1" Receive="1" Value="" StatusID="0001"/>
			<Cell CellID="J_85" CellID2="AB_95" Encode="1" Receive="1" Value="" StatusID="0001"/>
			<Cell CellID="K_85" CellID2="AF_95" Encode="1" Receive="1" Value="0" StatusID="0001"/>
			<Cell CellID="L_85" CellID2="AJ_95" Encode="1" Receive="1" Value="0" StatusID="0001"/>
			<Cell CellID="M_85" CellID2="AN_95" Encode="1" Receive="1" Value="0" StatusID="0001"/>
			<Cell CellID="N_85" CellID2="AR_95" Encode="1" Receive="1" Value="" StatusID="0001"/>
		</Cells>
	</Section>
	<Section Dynamic="1" MaxRows="0">
		<Cells>
			<Cell CellID="C_90" CellID2="AU_100" FirstCell="0" Encode="0" Receive="1" Value="" StatusID="0001"/>
			<Cell CellID="D_90" CellID2="C_100" Encode="1" Receive="1" Value="" StatusID="0001"/>
			<Cell CellID="E_90" CellID2="E_100" Encode="1" Receive="1" Value="" StatusID="0001"/>
			<Cell CellID="F_90" CellID2="G_100" Encode="1" Receive="1" Value="" StatusID="0001"/>
			<Cell CellID="G_90" CellID2="M_100" Encode="1" Receive="1" Value="" StatusID="0001"/>
			<Cell CellID="H_90" CellID2="R_100" Encode="1" Receive="1" Value="" StatusID="0001"/>
			<Cell CellID="I_90" CellID2="X_100" Encode="1" Receive="1" Value="" StatusID="0001"/>
			<Cell CellID="J_90" CellID2="AB_100" Encode="1" Receive="1" Value="" StatusID="0001"/>
			<Cell CellID="K_90" CellID2="AF_100" Encode="1" Receive="1" Value="0" StatusID="0001"/>
			<Cell CellID="L_90" CellID2="AJ_100" Encode="1" Receive="1" Value="0" StatusID="0001"/>
			<Cell CellID="M_90" CellID2="AN_100" Encode="1" Receive="1" Value="0" StatusID="0001"/>
			<Cell CellID="N_90" CellID2="AR_100" Encode="1" Receive="1" Value="" StatusID="0001"/>
		</Cells>
	</Section>
	<Section Dynamic="1" MaxRows="0">
		<Cells>
			<Cell CellID="C_95" CellID2="AU_105" FirstCell="0" Encode="0" Receive="1" Value="" StatusID="0001"/>
			<Cell CellID="D_95" CellID2="C_105" Encode="1" Receive="1" Value="" StatusID="0001"/>
			<Cell CellID="E_95" CellID2="E_105" Encode="1" Receive="1" Value="" StatusID="0001"/>
			<Cell CellID="F_95" CellID2="G_105" Encode="1" Receive="1" Value="" StatusID="0001"/>
			<Cell CellID="G_95" CellID2="M_105" Encode="1" Receive="1" Value="" StatusID="0001"/>
			<Cell CellID="H_95" CellID2="R_105" Encode="1" Receive="1" Value="" StatusID="0001"/>
			<Cell CellID="I_95" CellID2="X_105" Encode="1" Receive="1" Value="" StatusID="0001"/>
			<Cell CellID="J_95" CellID2="AB_105" Encode="1" Receive="1" Value="" StatusID="0001"/>
			<Cell CellID="K_95" CellID2="AF_105" Encode="1" Receive="1" Value="0" StatusID="0001"/>
			<Cell CellID="L_95" CellID2="AJ_105" Encode="1" Receive="1" Value="0" StatusID="0001"/>
			<Cell CellID="M_95" CellID2="AN_105" Encode="1" Receive="1" Value="0" StatusID="0001"/>
			<Cell CellID="N_95" CellID2="AR_105" Encode="1" Receive="1" Value="" StatusID="0001"/>
		</Cells>
	</Section>
	<Section Dynamic="1" MaxRows="0">
		<Cells>
			<Cell CellID="C_100" CellID2="AU_110" FirstCell="0" Encode="0" Receive="1" Value="" StatusID="0001"/>
			<Cell CellID="D_100" CellID2="C_110" Encode="1" Receive="1" Value="" StatusID="0001"/>
			<Cell CellID="E_100" CellID2="E_110" Encode="1" Receive="1" Value="" StatusID="0001"/>
			<Cell CellID="F_100" CellID2="G_110" Encode="1" Receive="1" Value="" StatusID="0001"/>
			<Cell CellID="G_100" CellID2="M_110" Encode="1" Receive="1" Value="" StatusID="0001"/>
			<Cell CellID="H_100" CellID2="R_110" Encode="1" Receive="1" Value="" StatusID="0001"/>
			<Cell CellID="I_100" CellID2="X_110" Encode="1" Receive="1" Value="" StatusID="0001"/>
			<Cell CellID="J_100" CellID2="AB_110" Encode="1" Receive="1" Value="" StatusID="0001"/>
			<Cell CellID="K_100" CellID2="AF_110" Encode="1" Receive="1" Value="0" StatusID="0001"/>
			<Cell CellID="L_100" CellID2="AJ_110" Encode="1" Receive="1" Value="0" StatusID="0001"/>
			<Cell CellID="M_100" CellID2="AN_110" Encode="1" Receive="1" Value="0" StatusID="0001"/>
			<Cell CellID="N_100" CellID2="AR_110" Encode="1" Receive="1" Value="" StatusID="0001"/>
		</Cells>
	</Section>
	<Section Dynamic="0" MaxRows="0">
		<Cells>
			<Cell CellID="K_113" CellID2="AF_119" Encode="1" Value="433085589"/>
			<Cell CellID="K_114" CellID2="AF_121" Encode="1" Value="42803712"/>
		</Cells>
	</Section>
</Sections>
