<!-- edited with XML Spy v4.1 U (http://www.xmlspy.com) by CMCSoft-->
<!DOCTYPE Sections SYSTEM "..\..\InterfaceTemplates\Schema.dtd">
<Sections Version="321">
	<Section Dynamic="1" MaxRows="0">
		<Cells>
			<Cell CellID="C_8" CellID2="AU_18" FirstCell="0" Encode="0" Receive="1" Value="" StatusID="0001"/>
			<Cell CellID="D_8" CellID2="C_18" Encode="1" Receive="1" Value="01GTKT3/001" StatusID="0001"/>
			<Cell CellID="E_8" CellID2="E_18" Encode="1" Receive="1" Value="PA/13P" StatusID="0001"/>
			<Cell CellID="F_8" CellID2="G_18" Encode="1" Receive="1" Value="0009143" StatusID="0001"/>
			<Cell CellID="G_8" CellID2="M_18" Encode="1" Receive="1" Value="29/05/2014" StatusID="0001"/>
			<Cell CellID="H_8" CellID2="R_18" Encode="1" Receive="1" Value="Viện Pasteur TP.HCM" StatusID="0001"/>
			<Cell CellID="I_8" CellID2="X_18" Encode="1" Receive="1" Value="0301225896" StatusID="0001"/>
			<Cell CellID="J_8" CellID2="AB_18" Encode="1" Receive="1" Value="Phí xét nghiệm mẫu nước" StatusID="0001"/>
			<Cell CellID="K_8" CellID2="AF_18" Encode="1" Receive="1" Value="963636" StatusID="0001"/>
			<Cell CellID="L_8" CellID2="AJ_18" Encode="1" Receive="1" Value="10" StatusID="0001"/>
			<Cell CellID="M_8" CellID2="AN_18" Encode="1" Receive="1" Value="96364" StatusID="0001"/>
			<Cell CellID="N_8" CellID2="AR_18" Encode="1" Receive="1" Value="" StatusID="0001"/>
		</Cells>
		<Cells>
			<Cell CellID="C_9" CellID2="AU_19" FirstCell="1" Encode="0" Receive="1" Value="" StatusID="0001"/>
			<Cell CellID="D_9" CellID2="C_19" Encode="1" Receive="1" Value="01GTKT3/001" StatusID="0001"/>
			<Cell CellID="E_9" CellID2="E_19" Encode="1" Receive="1" Value="HS/14T" StatusID="0001"/>
			<Cell CellID="F_9" CellID2="G_19" Encode="1" Receive="1" Value="0000013" StatusID="0001"/>
			<Cell CellID="G_9" CellID2="M_19" Encode="1" Receive="1" Value="30/05/2014" StatusID="0001"/>
			<Cell CellID="H_9" CellID2="R_19" Encode="1" Receive="1" Value="Công Ty TNHH Hải Sơn" StatusID="0001"/>
			<Cell CellID="I_9" CellID2="X_19" Encode="1" Receive="1" Value="1100601422" StatusID="0001"/>
			<Cell CellID="J_9" CellID2="AB_19" Encode="1" Receive="1" Value="Nước" StatusID="0001"/>
			<Cell CellID="K_9" CellID2="AF_19" Encode="1" Receive="1" Value="10350000" StatusID="0001"/>
			<Cell CellID="L_9" CellID2="AJ_19" Encode="1" Receive="1" Value="5" StatusID="0001"/>
			<Cell CellID="M_9" CellID2="AN_19" Encode="1" Receive="1" Value="517500" StatusID="0001"/>
			<Cell CellID="N_9" CellID2="AR_19" Encode="1" Receive="1" Value="" StatusID="0001"/>
		</Cells>
		<Cells>
			<Cell CellID="C_10" CellID2="AU_20" FirstCell="1" Encode="0" Receive="1" Value="" StatusID="0001"/>
			<Cell CellID="D_10" CellID2="C_20" Encode="1" Receive="1" Value="01GTKT3/001" StatusID="0001"/>
			<Cell CellID="E_10" CellID2="E_20" Encode="1" Receive="1" Value="HS/14T" StatusID="0001"/>
			<Cell CellID="F_10" CellID2="G_20" Encode="1" Receive="1" Value="0000013" StatusID="0001"/>
			<Cell CellID="G_10" CellID2="M_20" Encode="1" Receive="1" Value="30/05/2014" StatusID="0001"/>
			<Cell CellID="H_10" CellID2="R_20" Encode="1" Receive="1" Value="Công Ty TNHH Hải Sơn" StatusID="0001"/>
			<Cell CellID="I_10" CellID2="X_20" Encode="1" Receive="1" Value="1100601422" StatusID="0001"/>
			<Cell CellID="J_10" CellID2="AB_20" Encode="1" Receive="1" Value="Nước thải" StatusID="0001"/>
			<Cell CellID="K_10" CellID2="AF_20" Encode="1" Receive="1" Value="1627200" StatusID="0001"/>
			<Cell CellID="L_10" CellID2="AJ_20" Encode="1" Receive="1" Value="0" StatusID="0001"/>
			<Cell CellID="M_10" CellID2="AN_20" Encode="1" Receive="1" Value="0" StatusID="0001"/>
			<Cell CellID="N_10" CellID2="AR_20" Encode="1" Receive="1" Value="" StatusID="0001"/>
		</Cells>
		<Cells>
			<Cell CellID="C_11" CellID2="AU_21" FirstCell="1" Encode="0" Receive="1" Value="" StatusID="0001"/>
			<Cell CellID="D_11" CellID2="C_21" Encode="1" Receive="1" Value="01GTKT3/001" StatusID="0001"/>
			<Cell CellID="E_11" CellID2="E_21" Encode="1" Receive="1" Value="HS/14T" StatusID="0001"/>
			<Cell CellID="F_11" CellID2="G_21" Encode="1" Receive="1" Value="0000013" StatusID="0001"/>
			<Cell CellID="G_11" CellID2="M_21" Encode="1" Receive="1" Value="30/05/2014" StatusID="0001"/>
			<Cell CellID="H_11" CellID2="R_21" Encode="1" Receive="1" Value="Công Ty TNHH Hải Sơn" StatusID="0001"/>
			<Cell CellID="I_11" CellID2="X_21" Encode="1" Receive="1" Value="1100601422" StatusID="0001"/>
			<Cell CellID="J_11" CellID2="AB_21" Encode="1" Receive="1" Value="Phí CSHT" StatusID="0001"/>
			<Cell CellID="K_11" CellID2="AF_21" Encode="1" Receive="1" Value="2443750" StatusID="0001"/>
			<Cell CellID="L_11" CellID2="AJ_21" Encode="1" Receive="1" Value="10" StatusID="0001"/>
			<Cell CellID="M_11" CellID2="AN_21" Encode="1" Receive="1" Value="244375" StatusID="0001"/>
			<Cell CellID="N_11" CellID2="AR_21" Encode="1" Receive="1" Value="" StatusID="0001"/>
		</Cells>
		<Cells>
			<Cell CellID="C_12" CellID2="AU_22" FirstCell="1" Encode="0" Receive="1" Value="" StatusID="0001"/>
			<Cell CellID="D_12" CellID2="C_22" Encode="1" Receive="1" Value="01GTKT2/001" StatusID="0001"/>
			<Cell CellID="E_12" CellID2="E_22" Encode="1" Receive="1" Value="LA/14P" StatusID="0001"/>
			<Cell CellID="F_12" CellID2="G_22" Encode="1" Receive="1" Value="0546798" StatusID="0001"/>
			<Cell CellID="G_12" CellID2="M_22" Encode="1" Receive="1" Value="31/05/2014" StatusID="0001"/>
			<Cell CellID="H_12" CellID2="R_22" Encode="1" Receive="1" Value="Trung Tâm Kinh Doanh VNPT Long An" StatusID="0001"/>
			<Cell CellID="I_12" CellID2="X_22" Encode="1" Receive="1" Value="1100109154-153" StatusID="0001"/>
			<Cell CellID="J_12" CellID2="AB_22" Encode="1" Receive="1" Value="Cước VT - CNTT Tháng 05/2014" StatusID="0001"/>
			<Cell CellID="K_12" CellID2="AF_22" Encode="1" Receive="1" Value="2239974" StatusID="0001"/>
			<Cell CellID="L_12" CellID2="AJ_22" Encode="1" Receive="1" Value="10" StatusID="0001"/>
			<Cell CellID="M_12" CellID2="AN_22" Encode="1" Receive="1" Value="223997" StatusID="0001"/>
			<Cell CellID="N_12" CellID2="AR_22" Encode="1" Receive="1" Value="" StatusID="0001"/>
		</Cells>
		<Cells>
			<Cell CellID="C_13" CellID2="AU_23" FirstCell="1" Encode="0" Receive="1" Value="" StatusID="0001"/>
			<Cell CellID="D_13" CellID2="C_23" Encode="1" Receive="1" Value="01GTKT3/001" StatusID="0001"/>
			<Cell CellID="E_13" CellID2="E_23" Encode="1" Receive="1" Value="AA/13P" StatusID="0001"/>
			<Cell CellID="F_13" CellID2="G_23" Encode="1" Receive="1" Value="0071326" StatusID="0001"/>
			<Cell CellID="G_13" CellID2="M_23" Encode="1" Receive="1" Value="03/06/2014" StatusID="0001"/>
			<Cell CellID="H_13" CellID2="R_23" Encode="1" Receive="1" Value="Tổng Công Ty CP Bưu Chính Viettel" StatusID="0001"/>
			<Cell CellID="I_13" CellID2="X_23" Encode="1" Receive="1" Value="0104093672" StatusID="0001"/>
			<Cell CellID="J_13" CellID2="AB_23" Encode="1" Receive="1" Value="Cước CPN tháng 05/2014" StatusID="0001"/>
			<Cell CellID="K_13" CellID2="AF_23" Encode="1" Receive="1" Value="63600" StatusID="0001"/>
			<Cell CellID="L_13" CellID2="AJ_23" Encode="1" Receive="1" Value="10" StatusID="0001"/>
			<Cell CellID="M_13" CellID2="AN_23" Encode="1" Receive="1" Value="6360" StatusID="0001"/>
			<Cell CellID="N_13" CellID2="AR_23" Encode="1" Receive="1" Value="" StatusID="0001"/>
		</Cells>
		<Cells>
			<Cell CellID="C_14" CellID2="AU_24" FirstCell="1" Encode="0" Receive="1" Value="" StatusID="0001"/>
			<Cell CellID="D_14" CellID2="C_24" Encode="1" Receive="1" Value="01GTKT3/001" StatusID="0001"/>
			<Cell CellID="E_14" CellID2="E_24" Encode="1" Receive="1" Value="AA/13P" StatusID="0001"/>
			<Cell CellID="F_14" CellID2="G_24" Encode="1" Receive="1" Value="0587938" StatusID="0001"/>
			<Cell CellID="G_14" CellID2="M_24" Encode="1" Receive="1" Value="12/06/2014" StatusID="0001"/>
			<Cell CellID="H_14" CellID2="R_24" Encode="1" Receive="1" Value="Công Ty CP Vật Tư - Xăng Dầu (COMECO)" StatusID="0001"/>
			<Cell CellID="I_14" CellID2="X_24" Encode="1" Receive="1" Value="0300450673" StatusID="0001"/>
			<Cell CellID="J_14" CellID2="AB_24" Encode="1" Receive="1" Value="Xăng " StatusID="0001"/>
			<Cell CellID="K_14" CellID2="AF_24" Encode="1" Receive="1" Value="3371273" StatusID="0001"/>
			<Cell CellID="L_14" CellID2="AJ_24" Encode="1" Receive="1" Value="10" StatusID="0001"/>
			<Cell CellID="M_14" CellID2="AN_24" Encode="1" Receive="1" Value="337127" StatusID="0001"/>
			<Cell CellID="N_14" CellID2="AR_24" Encode="1" Receive="1" Value="" StatusID="0001"/>
		</Cells>
		<Cells>
			<Cell CellID="C_15" CellID2="AU_25" FirstCell="1" Encode="0" Receive="1" Value="" StatusID="0001"/>
			<Cell CellID="D_15" CellID2="C_25" Encode="1" Receive="1" Value="01GTKT3/001" StatusID="0001"/>
			<Cell CellID="E_15" CellID2="E_25" Encode="1" Receive="1" Value="TT/14P" StatusID="0001"/>
			<Cell CellID="F_15" CellID2="G_25" Encode="1" Receive="1" Value="0000105" StatusID="0001"/>
			<Cell CellID="G_15" CellID2="M_25" Encode="1" Receive="1" Value="12/06/2014" StatusID="0001"/>
			<Cell CellID="H_15" CellID2="R_25" Encode="1" Receive="1" Value="Công Ty TNHH DV Ô TÔ SÀI GÒN TOYOTA TSUSHO" StatusID="0001"/>
			<Cell CellID="I_15" CellID2="X_25" Encode="1" Receive="1" Value="0300710843" StatusID="0001"/>
			<Cell CellID="J_15" CellID2="AB_25" Encode="1" Receive="1" Value="Sửa chữa xe 56S-1514" StatusID="0001"/>
			<Cell CellID="K_15" CellID2="AF_25" Encode="1" Receive="1" Value="2706633" StatusID="0001"/>
			<Cell CellID="L_15" CellID2="AJ_25" Encode="1" Receive="1" Value="10" StatusID="0001"/>
			<Cell CellID="M_15" CellID2="AN_25" Encode="1" Receive="1" Value="270663" StatusID="0001"/>
			<Cell CellID="N_15" CellID2="AR_25" Encode="1" Receive="1" Value="" StatusID="0001"/>
		</Cells>
		<Cells>
			<Cell CellID="C_16" CellID2="AU_26" FirstCell="1" Encode="0" Receive="1" Value="" StatusID="0001"/>
			<Cell CellID="D_16" CellID2="C_26" Encode="1" Receive="1" Value="01GTKT3/001" StatusID="0001"/>
			<Cell CellID="E_16" CellID2="E_26" Encode="1" Receive="1" Value="AA/13P" StatusID="0001"/>
			<Cell CellID="F_16" CellID2="G_26" Encode="1" Receive="1" Value="0001083" StatusID="0001"/>
			<Cell CellID="G_16" CellID2="M_26" Encode="1" Receive="1" Value="12/06/2014" StatusID="0001"/>
			<Cell CellID="H_16" CellID2="R_26" Encode="1" Receive="1" Value="DNTN Nguyễn Văn Sáu" StatusID="0001"/>
			<Cell CellID="I_16" CellID2="X_26" Encode="1" Receive="1" Value="0301410810" StatusID="0001"/>
			<Cell CellID="J_16" CellID2="AB_26" Encode="1" Receive="1" Value="Xăng, dầu" StatusID="0001"/>
			<Cell CellID="K_16" CellID2="AF_26" Encode="1" Receive="1" Value="1164454" StatusID="0001"/>
			<Cell CellID="L_16" CellID2="AJ_26" Encode="1" Receive="1" Value="10" StatusID="0001"/>
			<Cell CellID="M_16" CellID2="AN_26" Encode="1" Receive="1" Value="116446" StatusID="0001"/>
			<Cell CellID="N_16" CellID2="AR_26" Encode="1" Receive="1" Value="" StatusID="0001"/>
		</Cells>
		<Cells>
			<Cell CellID="C_17" CellID2="AU_27" FirstCell="1" Encode="0" Receive="1" Value="" StatusID="0001"/>
			<Cell CellID="D_17" CellID2="C_27" Encode="1" Receive="1" Value="01GTKT3/001" StatusID="0001"/>
			<Cell CellID="E_17" CellID2="E_27" Encode="1" Receive="1" Value="AA/13P" StatusID="0001"/>
			<Cell CellID="F_17" CellID2="G_27" Encode="1" Receive="1" Value="0001102" StatusID="0001"/>
			<Cell CellID="G_17" CellID2="M_27" Encode="1" Receive="1" Value="15/06/2014" StatusID="0001"/>
			<Cell CellID="H_17" CellID2="R_27" Encode="1" Receive="1" Value="DNTN Nguyễn Văn Sáu" StatusID="0001"/>
			<Cell CellID="I_17" CellID2="X_27" Encode="1" Receive="1" Value="0301410810" StatusID="0001"/>
			<Cell CellID="J_17" CellID2="AB_27" Encode="1" Receive="1" Value="Xăng" StatusID="0001"/>
			<Cell CellID="K_17" CellID2="AF_27" Encode="1" Receive="1" Value="113182" StatusID="0001"/>
			<Cell CellID="L_17" CellID2="AJ_27" Encode="1" Receive="1" Value="10" StatusID="0001"/>
			<Cell CellID="M_17" CellID2="AN_27" Encode="1" Receive="1" Value="11318" StatusID="0001"/>
			<Cell CellID="N_17" CellID2="AR_27" Encode="1" Receive="1" Value="" StatusID="0001"/>
		</Cells>
		<Cells>
			<Cell CellID="C_18" CellID2="AU_28" FirstCell="1" Encode="0" Receive="1" Value="" StatusID="0001"/>
			<Cell CellID="D_18" CellID2="C_28" Encode="1" Receive="1" Value="01GTKT3/001" StatusID="0001"/>
			<Cell CellID="E_18" CellID2="E_28" Encode="1" Receive="1" Value="AA/13P" StatusID="0001"/>
			<Cell CellID="F_18" CellID2="G_28" Encode="1" Receive="1" Value="0001090" StatusID="0001"/>
			<Cell CellID="G_18" CellID2="M_28" Encode="1" Receive="1" Value="15/06/2014" StatusID="0001"/>
			<Cell CellID="H_18" CellID2="R_28" Encode="1" Receive="1" Value="DNTN Nguyễn Văn Sáu" StatusID="0001"/>
			<Cell CellID="I_18" CellID2="X_28" Encode="1" Receive="1" Value="0301410810" StatusID="0001"/>
			<Cell CellID="J_18" CellID2="AB_28" Encode="1" Receive="1" Value="Dầu" StatusID="0001"/>
			<Cell CellID="K_18" CellID2="AF_28" Encode="1" Receive="1" Value="1021818" StatusID="0001"/>
			<Cell CellID="L_18" CellID2="AJ_28" Encode="1" Receive="1" Value="10" StatusID="0001"/>
			<Cell CellID="M_18" CellID2="AN_28" Encode="1" Receive="1" Value="102182" StatusID="0001"/>
			<Cell CellID="N_18" CellID2="AR_28" Encode="1" Receive="1" Value="" StatusID="0001"/>
		</Cells>
		<Cells>
			<Cell CellID="C_19" CellID2="AU_29" FirstCell="1" Encode="0" Receive="1" Value="" StatusID="0001"/>
			<Cell CellID="D_19" CellID2="C_29" Encode="1" Receive="1" Value="01GTKT3/001" StatusID="0001"/>
			<Cell CellID="E_19" CellID2="E_29" Encode="1" Receive="1" Value="AA/14P" StatusID="0001"/>
			<Cell CellID="F_19" CellID2="G_29" Encode="1" Receive="1" Value="0036916" StatusID="0001"/>
			<Cell CellID="G_19" CellID2="M_29" Encode="1" Receive="1" Value="16/06/2014" StatusID="0001"/>
			<Cell CellID="H_19" CellID2="R_29" Encode="1" Receive="1" Value="Trung Tâm Kỹ Thuật Đo Lường Chất Lượng 3" StatusID="0001"/>
			<Cell CellID="I_19" CellID2="X_29" Encode="1" Receive="1" Value="0301281040" StatusID="0001"/>
			<Cell CellID="J_19" CellID2="AB_29" Encode="1" Receive="1" Value="Phí hiệu chỉnh nhiệt kế thủy ngân" StatusID="0001"/>
			<Cell CellID="K_19" CellID2="AF_29" Encode="1" Receive="1" Value="840000" StatusID="0001"/>
			<Cell CellID="L_19" CellID2="AJ_29" Encode="1" Receive="1" Value="5" StatusID="0001"/>
			<Cell CellID="M_19" CellID2="AN_29" Encode="1" Receive="1" Value="42000" StatusID="0001"/>
			<Cell CellID="N_19" CellID2="AR_29" Encode="1" Receive="1" Value="" StatusID="0001"/>
		</Cells>
		<Cells>
			<Cell CellID="C_20" CellID2="AU_30" FirstCell="1" Encode="0" Receive="1" Value="" StatusID="0001"/>
			<Cell CellID="D_20" CellID2="C_30" Encode="1" Receive="1" Value="01GTKT3/001" StatusID="0001"/>
			<Cell CellID="E_20" CellID2="E_30" Encode="1" Receive="1" Value="PA/13P" StatusID="0001"/>
			<Cell CellID="F_20" CellID2="G_30" Encode="1" Receive="1" Value="0009965" StatusID="0001"/>
			<Cell CellID="G_20" CellID2="M_30" Encode="1" Receive="1" Value="17/06/2014" StatusID="0001"/>
			<Cell CellID="H_20" CellID2="R_30" Encode="1" Receive="1" Value="Viện Pasteur TP.HCM" StatusID="0001"/>
			<Cell CellID="I_20" CellID2="X_30" Encode="1" Receive="1" Value="0301225896" StatusID="0001"/>
			<Cell CellID="J_20" CellID2="AB_30" Encode="1" Receive="1" Value="Phí xét nghiệm mẫu nước" StatusID="0001"/>
			<Cell CellID="K_20" CellID2="AF_30" Encode="1" Receive="1" Value="963636" StatusID="0001"/>
			<Cell CellID="L_20" CellID2="AJ_30" Encode="1" Receive="1" Value="10" StatusID="0001"/>
			<Cell CellID="M_20" CellID2="AN_30" Encode="1" Receive="1" Value="96364" StatusID="0001"/>
			<Cell CellID="N_20" CellID2="AR_30" Encode="1" Receive="1" Value="" StatusID="0001"/>
		</Cells>
		<Cells>
			<Cell CellID="C_21" CellID2="AU_31" FirstCell="1" Encode="0" Receive="1" Value="" StatusID="0001"/>
			<Cell CellID="D_21" CellID2="C_31" Encode="1" Receive="1" Value="01GTKT3/003" StatusID="0001"/>
			<Cell CellID="E_21" CellID2="E_31" Encode="1" Receive="1" Value="NA/13P" StatusID="0001"/>
			<Cell CellID="F_21" CellID2="G_31" Encode="1" Receive="1" Value="0003864" StatusID="0001"/>
			<Cell CellID="G_21" CellID2="M_31" Encode="1" Receive="1" Value="23/06/2014" StatusID="0001"/>
			<Cell CellID="H_21" CellID2="R_31" Encode="1" Receive="1" Value="Công Ty CP TM DV Ngọc An" StatusID="0001"/>
			<Cell CellID="I_21" CellID2="X_31" Encode="1" Receive="1" Value="0303507529" StatusID="0001"/>
			<Cell CellID="J_21" CellID2="AB_31" Encode="1" Receive="1" Value="Phí bảo dưỡng xe 51A-141.74" StatusID="0001"/>
			<Cell CellID="K_21" CellID2="AF_31" Encode="1" Receive="1" Value="1172400" StatusID="0001"/>
			<Cell CellID="L_21" CellID2="AJ_31" Encode="1" Receive="1" Value="10" StatusID="0001"/>
			<Cell CellID="M_21" CellID2="AN_31" Encode="1" Receive="1" Value="117240" StatusID="0001"/>
			<Cell CellID="N_21" CellID2="AR_31" Encode="1" Receive="1" Value="" StatusID="0001"/>
		</Cells>
		<Cells>
			<Cell CellID="C_22" CellID2="AU_32" FirstCell="1" Encode="0" Receive="1" Value="" StatusID="0001"/>
			<Cell CellID="D_22" CellID2="C_32" Encode="1" Receive="1" Value="01GTKT3/001" StatusID="0001"/>
			<Cell CellID="E_22" CellID2="E_32" Encode="1" Receive="1" Value="AA/13P" StatusID="0001"/>
			<Cell CellID="F_22" CellID2="G_32" Encode="1" Receive="1" Value="0001117" StatusID="0001"/>
			<Cell CellID="G_22" CellID2="M_32" Encode="1" Receive="1" Value="23/06/2014" StatusID="0001"/>
			<Cell CellID="H_22" CellID2="R_32" Encode="1" Receive="1" Value="DNTN Nguyễn Văn Sáu" StatusID="0001"/>
			<Cell CellID="I_22" CellID2="X_32" Encode="1" Receive="1" Value="0301410810" StatusID="0001"/>
			<Cell CellID="J_22" CellID2="AB_32" Encode="1" Receive="1" Value="Xăng, dầu" StatusID="0001"/>
			<Cell CellID="K_22" CellID2="AF_32" Encode="1" Receive="1" Value="5228473" StatusID="0001"/>
			<Cell CellID="L_22" CellID2="AJ_32" Encode="1" Receive="1" Value="10" StatusID="0001"/>
			<Cell CellID="M_22" CellID2="AN_32" Encode="1" Receive="1" Value="522847" StatusID="0001"/>
			<Cell CellID="N_22" CellID2="AR_32" Encode="1" Receive="1" Value="" StatusID="0001"/>
		</Cells>
		<Cells>
			<Cell CellID="C_23" CellID2="AU_33" FirstCell="1" Encode="0" Receive="1" Value="" StatusID="0001"/>
			<Cell CellID="D_23" CellID2="C_33" Encode="1" Receive="1" Value="01GTKT3/003" StatusID="0001"/>
			<Cell CellID="E_23" CellID2="E_33" Encode="1" Receive="1" Value="NA/13P" StatusID="0001"/>
			<Cell CellID="F_23" CellID2="G_33" Encode="1" Receive="1" Value="0003881" StatusID="0001"/>
			<Cell CellID="G_23" CellID2="M_33" Encode="1" Receive="1" Value="24/06/2014" StatusID="0001"/>
			<Cell CellID="H_23" CellID2="R_33" Encode="1" Receive="1" Value="Công Ty CP TM DV Ngọc An" StatusID="0001"/>
			<Cell CellID="I_23" CellID2="X_33" Encode="1" Receive="1" Value="0303507529" StatusID="0001"/>
			<Cell CellID="J_23" CellID2="AB_33" Encode="1" Receive="1" Value="Phí sửa chữa xe 51A-141.74" StatusID="0001"/>
			<Cell CellID="K_23" CellID2="AF_33" Encode="1" Receive="1" Value="1151601" StatusID="0001"/>
			<Cell CellID="L_23" CellID2="AJ_33" Encode="1" Receive="1" Value="10" StatusID="0001"/>
			<Cell CellID="M_23" CellID2="AN_33" Encode="1" Receive="1" Value="115160" StatusID="0001"/>
			<Cell CellID="N_23" CellID2="AR_33" Encode="1" Receive="1" Value="" StatusID="0001"/>
		</Cells>
		<Cells>
			<Cell CellID="C_24" CellID2="AU_34" FirstCell="1" Encode="0" Receive="1" Value="" StatusID="0001"/>
			<Cell CellID="D_24" CellID2="C_34" Encode="1" Receive="1" Value="02GTTT3/001" StatusID="0001"/>
			<Cell CellID="E_24" CellID2="E_34" Encode="1" Receive="1" Value="03CX/13P" StatusID="0001"/>
			<Cell CellID="F_24" CellID2="G_34" Encode="1" Receive="1" Value="0055531" StatusID="0001"/>
			<Cell CellID="G_24" CellID2="M_34" Encode="1" Receive="1" Value="24/06/2014" StatusID="0001"/>
			<Cell CellID="H_24" CellID2="R_34" Encode="1" Receive="1" Value="Cơ Sở Điện Lạnh Công" StatusID="0001"/>
			<Cell CellID="I_24" CellID2="X_34" Encode="1" Receive="1" Value="0304495717" StatusID="0001"/>
			<Cell CellID="J_24" CellID2="AB_34" Encode="1" Receive="1" Value="Nhớt shell, ga " StatusID="0001"/>
			<Cell CellID="K_24" CellID2="AF_34" Encode="1" Receive="1" Value="3900000" StatusID="0001"/>
			<Cell CellID="L_24" CellID2="AJ_34" Encode="1" Receive="1" Value="0" StatusID="0001"/>
			<Cell CellID="M_24" CellID2="AN_34" Encode="1" Receive="1" Value="0" StatusID="0001"/>
			<Cell CellID="N_24" CellID2="AR_34" Encode="1" Receive="1" Value="" StatusID="0001"/>
		</Cells>
		<Cells>
			<Cell CellID="C_25" CellID2="AU_35" FirstCell="1" Encode="0" Receive="1" Value="" StatusID="0001"/>
			<Cell CellID="D_25" CellID2="C_35" Encode="1" Receive="1" Value="01GTKT3/001" StatusID="0001"/>
			<Cell CellID="E_25" CellID2="E_35" Encode="1" Receive="1" Value="HL/11P" StatusID="0001"/>
			<Cell CellID="F_25" CellID2="G_35" Encode="1" Receive="1" Value="0001857" StatusID="0001"/>
			<Cell CellID="G_25" CellID2="M_35" Encode="1" Receive="1" Value="26/06/2014" StatusID="0001"/>
			<Cell CellID="H_25" CellID2="R_35" Encode="1" Receive="1" Value="Công Ty TNHH DV Bảo Vệ Huỳnh Long" StatusID="0001"/>
			<Cell CellID="I_25" CellID2="X_35" Encode="1" Receive="1" Value="1100678866" StatusID="0001"/>
			<Cell CellID="J_25" CellID2="AB_35" Encode="1" Receive="1" Value="Phí bảo vệ tháng 06/2014" StatusID="0001"/>
			<Cell CellID="K_25" CellID2="AF_35" Encode="1" Receive="1" Value="17200000" StatusID="0001"/>
			<Cell CellID="L_25" CellID2="AJ_35" Encode="1" Receive="1" Value="10" StatusID="0001"/>
			<Cell CellID="M_25" CellID2="AN_35" Encode="1" Receive="1" Value="1720000" StatusID="0001"/>
			<Cell CellID="N_25" CellID2="AR_35" Encode="1" Receive="1" Value="" StatusID="0001"/>
		</Cells>
		<Cells>
			<Cell CellID="C_26" CellID2="AU_36" FirstCell="1" Encode="0" Receive="1" Value="" StatusID="0001"/>
			<Cell CellID="D_26" CellID2="C_36" Encode="1" Receive="1" Value="01GTKT3/001" StatusID="0001"/>
			<Cell CellID="E_26" CellID2="E_36" Encode="1" Receive="1" Value="AA/14P" StatusID="0001"/>
			<Cell CellID="F_26" CellID2="G_36" Encode="1" Receive="1" Value="0045258" StatusID="0001"/>
			<Cell CellID="G_26" CellID2="M_36" Encode="1" Receive="1" Value="28/06/2014" StatusID="0001"/>
			<Cell CellID="H_26" CellID2="R_36" Encode="1" Receive="1" Value="Trung Tâm Kỹ Thuật Đo Lường Chất Lượng 3" StatusID="0001"/>
			<Cell CellID="I_26" CellID2="X_36" Encode="1" Receive="1" Value="0301281040" StatusID="0001"/>
			<Cell CellID="J_26" CellID2="AB_36" Encode="1" Receive="1" Value="Phí hiệu chỉnh quả cân" StatusID="0001"/>
			<Cell CellID="K_26" CellID2="AF_36" Encode="1" Receive="1" Value="380000" StatusID="0001"/>
			<Cell CellID="L_26" CellID2="AJ_36" Encode="1" Receive="1" Value="5" StatusID="0001"/>
			<Cell CellID="M_26" CellID2="AN_36" Encode="1" Receive="1" Value="19000" StatusID="0001"/>
			<Cell CellID="N_26" CellID2="AR_36" Encode="1" Receive="1" Value="" StatusID="0001"/>
		</Cells>
		<Cells>
			<Cell CellID="C_27" CellID2="AU_37" FirstCell="1" Encode="0" Receive="1" Value="" StatusID="0001"/>
			<Cell CellID="D_27" CellID2="C_37" Encode="1" Receive="1" Value="01GTKT3/001" StatusID="0001"/>
			<Cell CellID="E_27" CellID2="E_37" Encode="1" Receive="1" Value="AA/13P" StatusID="0001"/>
			<Cell CellID="F_27" CellID2="G_37" Encode="1" Receive="1" Value="0588747" StatusID="0001"/>
			<Cell CellID="G_27" CellID2="M_37" Encode="1" Receive="1" Value="30/06/2014" StatusID="0001"/>
			<Cell CellID="H_27" CellID2="R_37" Encode="1" Receive="1" Value="Công Ty CP Vật Tư - Xăng Dầu (COMECO)" StatusID="0001"/>
			<Cell CellID="I_27" CellID2="X_37" Encode="1" Receive="1" Value="0300450673" StatusID="0001"/>
			<Cell CellID="J_27" CellID2="AB_37" Encode="1" Receive="1" Value="Xăng" StatusID="0001"/>
			<Cell CellID="K_27" CellID2="AF_37" Encode="1" Receive="1" Value="5356518" StatusID="0001"/>
			<Cell CellID="L_27" CellID2="AJ_37" Encode="1" Receive="1" Value="10" StatusID="0001"/>
			<Cell CellID="M_27" CellID2="AN_37" Encode="1" Receive="1" Value="535652" StatusID="0001"/>
			<Cell CellID="N_27" CellID2="AR_37" Encode="1" Receive="1" Value="" StatusID="0001"/>
		</Cells>
		<Cells>
			<Cell CellID="C_28" CellID2="AU_38" FirstCell="1" Encode="0" Receive="1" Value="" StatusID="0001"/>
			<Cell CellID="D_28" CellID2="C_38" Encode="1" Receive="1" Value="01GTKT3/001" StatusID="0001"/>
			<Cell CellID="E_28" CellID2="E_38" Encode="1" Receive="1" Value="AA/13P" StatusID="0001"/>
			<Cell CellID="F_28" CellID2="G_38" Encode="1" Receive="1" Value="0001148" StatusID="0001"/>
			<Cell CellID="G_28" CellID2="M_38" Encode="1" Receive="1" Value="30/06/2014" StatusID="0001"/>
			<Cell CellID="H_28" CellID2="R_38" Encode="1" Receive="1" Value="DNTN Nguyễn Văn Sáu" StatusID="0001"/>
			<Cell CellID="I_28" CellID2="X_38" Encode="1" Receive="1" Value="0301410810" StatusID="0001"/>
			<Cell CellID="J_28" CellID2="AB_38" Encode="1" Receive="1" Value="Xăng, dầu" StatusID="0001"/>
			<Cell CellID="K_28" CellID2="AF_38" Encode="1" Receive="1" Value="1114472" StatusID="0001"/>
			<Cell CellID="L_28" CellID2="AJ_38" Encode="1" Receive="1" Value="10" StatusID="0001"/>
			<Cell CellID="M_28" CellID2="AN_38" Encode="1" Receive="1" Value="111448" StatusID="0001"/>
			<Cell CellID="N_28" CellID2="AR_38" Encode="1" Receive="1" Value="" StatusID="0001"/>
		</Cells>
		<Cells>
			<Cell CellID="C_29" CellID2="AU_39" FirstCell="1" Encode="0" Receive="1" Value="" StatusID="0001"/>
			<Cell CellID="D_29" CellID2="C_39" Encode="1" Receive="1" Value="01GTKT3/001" StatusID="0001"/>
			<Cell CellID="E_29" CellID2="E_39" Encode="1" Receive="1" Value="HS/14T" StatusID="0001"/>
			<Cell CellID="F_29" CellID2="G_39" Encode="1" Receive="1" Value="0000107" StatusID="0001"/>
			<Cell CellID="G_29" CellID2="M_39" Encode="1" Receive="1" Value="30/06/2014" StatusID="0001"/>
			<Cell CellID="H_29" CellID2="R_39" Encode="1" Receive="1" Value="Công Ty TNHH Hải Sơn" StatusID="0001"/>
			<Cell CellID="I_29" CellID2="X_39" Encode="1" Receive="1" Value="1100601422" StatusID="0001"/>
			<Cell CellID="J_29" CellID2="AB_39" Encode="1" Receive="1" Value="Nước" StatusID="0001"/>
			<Cell CellID="K_29" CellID2="AF_39" Encode="1" Receive="1" Value="12162000" StatusID="0001"/>
			<Cell CellID="L_29" CellID2="AJ_39" Encode="1" Receive="1" Value="5" StatusID="0001"/>
			<Cell CellID="M_29" CellID2="AN_39" Encode="1" Receive="1" Value="608100" StatusID="0001"/>
			<Cell CellID="N_29" CellID2="AR_39" Encode="1" Receive="1" Value="" StatusID="0001"/>
		</Cells>
		<Cells>
			<Cell CellID="C_30" CellID2="AU_40" FirstCell="1" Encode="0" Receive="1" Value="" StatusID="0001"/>
			<Cell CellID="D_30" CellID2="C_40" Encode="1" Receive="1" Value="01GTKT3/001" StatusID="0001"/>
			<Cell CellID="E_30" CellID2="E_40" Encode="1" Receive="1" Value="HS/14T" StatusID="0001"/>
			<Cell CellID="F_30" CellID2="G_40" Encode="1" Receive="1" Value="0000107" StatusID="0001"/>
			<Cell CellID="G_30" CellID2="M_40" Encode="1" Receive="1" Value="30/06/2014" StatusID="0001"/>
			<Cell CellID="H_30" CellID2="R_40" Encode="1" Receive="1" Value="Công Ty TNHH Hải Sơn" StatusID="0001"/>
			<Cell CellID="I_30" CellID2="X_40" Encode="1" Receive="1" Value="1100601422" StatusID="0001"/>
			<Cell CellID="J_30" CellID2="AB_40" Encode="1" Receive="1" Value="Phí CSHT" StatusID="0001"/>
			<Cell CellID="K_30" CellID2="AF_40" Encode="1" Receive="1" Value="2455250" StatusID="0001"/>
			<Cell CellID="L_30" CellID2="AJ_40" Encode="1" Receive="1" Value="10" StatusID="0001"/>
			<Cell CellID="M_30" CellID2="AN_40" Encode="1" Receive="1" Value="245525" StatusID="0001"/>
			<Cell CellID="N_30" CellID2="AR_40" Encode="1" Receive="1" Value="" StatusID="0001"/>
		</Cells>
		<Cells>
			<Cell CellID="C_31" CellID2="AU_41" FirstCell="1" Encode="0" Receive="1" Value="" StatusID="0001"/>
			<Cell CellID="D_31" CellID2="C_41" Encode="1" Receive="1" Value="01GTKT3/001" StatusID="0001"/>
			<Cell CellID="E_31" CellID2="E_41" Encode="1" Receive="1" Value="MV/13P" StatusID="0001"/>
			<Cell CellID="F_31" CellID2="G_41" Encode="1" Receive="1" Value="0000084" StatusID="0001"/>
			<Cell CellID="G_31" CellID2="M_41" Encode="1" Receive="1" Value="02/06/2014" StatusID="0001"/>
			<Cell CellID="H_31" CellID2="R_41" Encode="1" Receive="1" Value="Công Ty TNHH Công Nghệ Môi Trường Minh Việt" StatusID="0001"/>
			<Cell CellID="I_31" CellID2="X_41" Encode="1" Receive="1" Value="0312181545" StatusID="0001"/>
			<Cell CellID="J_31" CellID2="AB_41" Encode="1" Receive="1" Value="Phí tư vấn giám sát môi trường" StatusID="0001"/>
			<Cell CellID="K_31" CellID2="AF_41" Encode="1" Receive="1" Value="3325000" StatusID="0001"/>
			<Cell CellID="L_31" CellID2="AJ_41" Encode="1" Receive="1" Value="10" StatusID="0001"/>
			<Cell CellID="M_31" CellID2="AN_41" Encode="1" Receive="1" Value="332500" StatusID="0001"/>
			<Cell CellID="N_31" CellID2="AR_41" Encode="1" Receive="1" Value="" StatusID="0001"/>
		</Cells>
		<Cells>
			<Cell CellID="C_32" CellID2="AU_42" FirstCell="1" Encode="0" Receive="1" Value="" StatusID="0001"/>
			<Cell CellID="D_32" CellID2="C_42" Encode="1" Receive="1" Value="01GTKT3/001" StatusID="0001"/>
			<Cell CellID="E_32" CellID2="E_42" Encode="1" Receive="1" Value="AA/14P" StatusID="0001"/>
			<Cell CellID="F_32" CellID2="G_42" Encode="1" Receive="1" Value="0001552" StatusID="0001"/>
			<Cell CellID="G_32" CellID2="M_42" Encode="1" Receive="1" Value="03/06/2014" StatusID="0001"/>
			<Cell CellID="H_32" CellID2="R_42" Encode="1" Receive="1" Value="Công Ty CP Giao Nhận Vận Tải Song Tân" StatusID="0001"/>
			<Cell CellID="I_32" CellID2="X_42" Encode="1" Receive="1" Value="0304822322" StatusID="0001"/>
			<Cell CellID="J_32" CellID2="AB_42" Encode="1" Receive="1" Value="Phí chứng từ, THC, seal, phí hải quan" StatusID="0001"/>
			<Cell CellID="K_32" CellID2="AF_42" Encode="1" Receive="1" Value="1802400" StatusID="0001"/>
			<Cell CellID="L_32" CellID2="AJ_42" Encode="1" Receive="1" Value="10" StatusID="0001"/>
			<Cell CellID="M_32" CellID2="AN_42" Encode="1" Receive="1" Value="180240" StatusID="0001"/>
			<Cell CellID="N_32" CellID2="AR_42" Encode="1" Receive="1" Value="" StatusID="0001"/>
		</Cells>
		<Cells>
			<Cell CellID="C_33" CellID2="AU_43" FirstCell="1" Encode="0" Receive="1" Value="" StatusID="0001"/>
			<Cell CellID="D_33" CellID2="C_43" Encode="1" Receive="1" Value="01GTKT3/001" StatusID="0001"/>
			<Cell CellID="E_33" CellID2="E_43" Encode="1" Receive="1" Value="AA/14P" StatusID="0001"/>
			<Cell CellID="F_33" CellID2="G_43" Encode="1" Receive="1" Value="0001551" StatusID="0001"/>
			<Cell CellID="G_33" CellID2="M_43" Encode="1" Receive="1" Value="03/06/2014" StatusID="0001"/>
			<Cell CellID="H_33" CellID2="R_43" Encode="1" Receive="1" Value="Công Ty CP Giao Nhận Vận Tải Song Tân" StatusID="0001"/>
			<Cell CellID="I_33" CellID2="X_43" Encode="1" Receive="1" Value="0304822322" StatusID="0001"/>
			<Cell CellID="J_33" CellID2="AB_43" Encode="1" Receive="1" Value="Cước vận chuyển quốc tế" StatusID="0001"/>
			<Cell CellID="K_33" CellID2="AF_43" Encode="1" Receive="1" Value="2459200" StatusID="0001"/>
			<Cell CellID="L_33" CellID2="AJ_43" Encode="1" Receive="1" Value="0" StatusID="0001"/>
			<Cell CellID="M_33" CellID2="AN_43" Encode="1" Receive="1" Value="0" StatusID="0001"/>
			<Cell CellID="N_33" CellID2="AR_43" Encode="1" Receive="1" Value="" StatusID="0001"/>
		</Cells>
		<Cells>
			<Cell CellID="C_34" CellID2="AU_44" FirstCell="1" Encode="0" Receive="1" Value="" StatusID="0001"/>
			<Cell CellID="D_34" CellID2="C_44" Encode="1" Receive="1" Value="01GTKT2/001" StatusID="0001"/>
			<Cell CellID="E_34" CellID2="E_44" Encode="1" Receive="1" Value="AC/14T" StatusID="0001"/>
			<Cell CellID="F_34" CellID2="G_44" Encode="1" Receive="1" Value="0201748" StatusID="0001"/>
			<Cell CellID="G_34" CellID2="M_44" Encode="1" Receive="1" Value="09/06/2014" StatusID="0001"/>
			<Cell CellID="H_34" CellID2="R_44" Encode="1" Receive="1" Value="Công Ty Điện Lực Long An" StatusID="0001"/>
			<Cell CellID="I_34" CellID2="X_44" Encode="1" Receive="1" Value="0300942001017" StatusID="0001"/>
			<Cell CellID="J_34" CellID2="AB_44" Encode="1" Receive="1" Value="Điện kỳ 1 Tháng 06/2014" StatusID="0001"/>
			<Cell CellID="K_34" CellID2="AF_44" Encode="1" Receive="1" Value="25577500" StatusID="0001"/>
			<Cell CellID="L_34" CellID2="AJ_44" Encode="1" Receive="1" Value="10" StatusID="0001"/>
			<Cell CellID="M_34" CellID2="AN_44" Encode="1" Receive="1" Value="2557750" StatusID="0001"/>
			<Cell CellID="N_34" CellID2="AR_44" Encode="1" Receive="1" Value="" StatusID="0001"/>
		</Cells>
		<Cells>
			<Cell CellID="C_35" CellID2="AU_45" FirstCell="1" Encode="0" Receive="1" Value="" StatusID="0001"/>
			<Cell CellID="D_35" CellID2="C_45" Encode="1" Receive="1" Value="02GTTT3/001" StatusID="0001"/>
			<Cell CellID="E_35" CellID2="E_45" Encode="1" Receive="1" Value="03CS/13P" StatusID="0001"/>
			<Cell CellID="F_35" CellID2="G_45" Encode="1" Receive="1" Value="0084911" StatusID="0001"/>
			<Cell CellID="G_35" CellID2="M_45" Encode="1" Receive="1" Value="12/06/2014" StatusID="0001"/>
			<Cell CellID="H_35" CellID2="R_45" Encode="1" Receive="1" Value="Cửa Hàng Xuân Thu" StatusID="0001"/>
			<Cell CellID="I_35" CellID2="X_45" Encode="1" Receive="1" Value="0303337436" StatusID="0001"/>
			<Cell CellID="J_35" CellID2="AB_45" Encode="1" Receive="1" Value="Thuốc diệt chuột - ruồi" StatusID="0001"/>
			<Cell CellID="K_35" CellID2="AF_45" Encode="1" Receive="1" Value="12000000" StatusID="0001"/>
			<Cell CellID="L_35" CellID2="AJ_45" Encode="1" Receive="1" Value="0" StatusID="0001"/>
			<Cell CellID="M_35" CellID2="AN_45" Encode="1" Receive="1" Value="0" StatusID="0001"/>
			<Cell CellID="N_35" CellID2="AR_45" Encode="1" Receive="1" Value="" StatusID="0001"/>
		</Cells>
		<Cells>
			<Cell CellID="C_36" CellID2="AU_46" FirstCell="1" Encode="0" Receive="1" Value="" StatusID="0001"/>
			<Cell CellID="D_36" CellID2="C_46" Encode="1" Receive="1" Value="01GTKT3/001" StatusID="0001"/>
			<Cell CellID="E_36" CellID2="E_46" Encode="1" Receive="1" Value="AA/14P" StatusID="0001"/>
			<Cell CellID="F_36" CellID2="G_46" Encode="1" Receive="1" Value="0001647" StatusID="0001"/>
			<Cell CellID="G_36" CellID2="M_46" Encode="1" Receive="1" Value="12/06/2014" StatusID="0001"/>
			<Cell CellID="H_36" CellID2="R_46" Encode="1" Receive="1" Value="Công Ty CP Giao Nhận Vận Tải Song Tân" StatusID="0001"/>
			<Cell CellID="I_36" CellID2="X_46" Encode="1" Receive="1" Value="0304822322" StatusID="0001"/>
			<Cell CellID="J_36" CellID2="AB_46" Encode="1" Receive="1" Value="Cước vận chuyển quốc tế" StatusID="0001"/>
			<Cell CellID="K_36" CellID2="AF_46" Encode="1" Receive="1" Value="69046250" StatusID="0001"/>
			<Cell CellID="L_36" CellID2="AJ_46" Encode="1" Receive="1" Value="0" StatusID="0001"/>
			<Cell CellID="M_36" CellID2="AN_46" Encode="1" Receive="1" Value="0" StatusID="0001"/>
			<Cell CellID="N_36" CellID2="AR_46" Encode="1" Receive="1" Value="" StatusID="0001"/>
		</Cells>
		<Cells>
			<Cell CellID="C_37" CellID2="AU_47" FirstCell="1" Encode="0" Receive="1" Value="" StatusID="0001"/>
			<Cell CellID="D_37" CellID2="C_47" Encode="1" Receive="1" Value="01GTKT3/001" StatusID="0001"/>
			<Cell CellID="E_37" CellID2="E_47" Encode="1" Receive="1" Value="AA/14P" StatusID="0001"/>
			<Cell CellID="F_37" CellID2="G_47" Encode="1" Receive="1" Value="0001648" StatusID="0001"/>
			<Cell CellID="G_37" CellID2="M_47" Encode="1" Receive="1" Value="12/06/2014" StatusID="0001"/>
			<Cell CellID="H_37" CellID2="R_47" Encode="1" Receive="1" Value="Công Ty CP Giao Nhận Vận Tải Song Tân" StatusID="0001"/>
			<Cell CellID="I_37" CellID2="X_47" Encode="1" Receive="1" Value="0304822322" StatusID="0001"/>
			<Cell CellID="J_37" CellID2="AB_47" Encode="1" Receive="1" Value="Phí chứng từ, THC, seal, phí hải quan" StatusID="0001"/>
			<Cell CellID="K_37" CellID2="AF_47" Encode="1" Receive="1" Value="6659965" StatusID="0001"/>
			<Cell CellID="L_37" CellID2="AJ_47" Encode="1" Receive="1" Value="10" StatusID="0001"/>
			<Cell CellID="M_37" CellID2="AN_47" Encode="1" Receive="1" Value="665997" StatusID="0001"/>
			<Cell CellID="N_37" CellID2="AR_47" Encode="1" Receive="1" Value="" StatusID="0001"/>
		</Cells>
		<Cells>
			<Cell CellID="C_38" CellID2="AU_48" FirstCell="1" Encode="0" Receive="1" Value="" StatusID="0001"/>
			<Cell CellID="D_38" CellID2="C_48" Encode="1" Receive="1" Value="01GTKT3/001" StatusID="0001"/>
			<Cell CellID="E_38" CellID2="E_48" Encode="1" Receive="1" Value="AA/14P" StatusID="0001"/>
			<Cell CellID="F_38" CellID2="G_48" Encode="1" Receive="1" Value="0001653" StatusID="0001"/>
			<Cell CellID="G_38" CellID2="M_48" Encode="1" Receive="1" Value="12/06/2014" StatusID="0001"/>
			<Cell CellID="H_38" CellID2="R_48" Encode="1" Receive="1" Value="Công Ty CP Giao Nhận Vận Tải Song Tân" StatusID="0001"/>
			<Cell CellID="I_38" CellID2="X_48" Encode="1" Receive="1" Value="0304822322" StatusID="0001"/>
			<Cell CellID="J_38" CellID2="AB_48" Encode="1" Receive="1" Value="Cước vận chuyển nội địa, phí nâng cont, hạ bãi" StatusID="0001"/>
			<Cell CellID="K_38" CellID2="AF_48" Encode="1" Receive="1" Value="5481818" StatusID="0001"/>
			<Cell CellID="L_38" CellID2="AJ_48" Encode="1" Receive="1" Value="10" StatusID="0001"/>
			<Cell CellID="M_38" CellID2="AN_48" Encode="1" Receive="1" Value="548182" StatusID="0001"/>
			<Cell CellID="N_38" CellID2="AR_48" Encode="1" Receive="1" Value="" StatusID="0001"/>
		</Cells>
		<Cells>
			<Cell CellID="C_39" CellID2="AU_49" FirstCell="1" Encode="0" Receive="1" Value="" StatusID="0001"/>
			<Cell CellID="D_39" CellID2="C_49" Encode="1" Receive="1" Value="02GTTT3/001" StatusID="0001"/>
			<Cell CellID="E_39" CellID2="E_49" Encode="1" Receive="1" Value="AA/13P" StatusID="0001"/>
			<Cell CellID="F_39" CellID2="G_49" Encode="1" Receive="1" Value="0002720" StatusID="0001"/>
			<Cell CellID="G_39" CellID2="M_49" Encode="1" Receive="1" Value="18/06/2014" StatusID="0001"/>
			<Cell CellID="H_39" CellID2="R_49" Encode="1" Receive="1" Value="Trung Tâm Chất Lượng Nông Lâm Thủy Sản Vùng 4" StatusID="0001"/>
			<Cell CellID="I_39" CellID2="X_49" Encode="1" Receive="1" Value="0301464728" StatusID="0001"/>
			<Cell CellID="J_39" CellID2="AB_49" Encode="1" Receive="1" Value="Phí phân tích các chỉ tiêu" StatusID="0001"/>
			<Cell CellID="K_39" CellID2="AF_49" Encode="1" Receive="1" Value="780000" StatusID="0001"/>
			<Cell CellID="L_39" CellID2="AJ_49" Encode="1" Receive="1" Value="0" StatusID="0001"/>
			<Cell CellID="M_39" CellID2="AN_49" Encode="1" Receive="1" Value="0" StatusID="0001"/>
			<Cell CellID="N_39" CellID2="AR_49" Encode="1" Receive="1" Value="" StatusID="0001"/>
		</Cells>
		<Cells>
			<Cell CellID="C_40" CellID2="AU_50" FirstCell="1" Encode="0" Receive="1" Value="" StatusID="0001"/>
			<Cell CellID="D_40" CellID2="C_50" Encode="1" Receive="1" Value="01GTKT3/001" StatusID="0001"/>
			<Cell CellID="E_40" CellID2="E_50" Encode="1" Receive="1" Value="AA/13P" StatusID="0001"/>
			<Cell CellID="F_40" CellID2="G_50" Encode="1" Receive="1" Value="0089233" StatusID="0001"/>
			<Cell CellID="G_40" CellID2="M_50" Encode="1" Receive="1" Value="17/06/2014" StatusID="0001"/>
			<Cell CellID="H_40" CellID2="R_50" Encode="1" Receive="1" Value="Công Ty Bảo Minh Bến Tre" StatusID="0001"/>
			<Cell CellID="I_40" CellID2="X_50" Encode="1" Receive="1" Value="0300446973" StatusID="0001"/>
			<Cell CellID="J_40" CellID2="AB_50" Encode="1" Receive="1" Value="MCE/00736718 và MCE/00736697" StatusID="0001"/>
			<Cell CellID="K_40" CellID2="AF_50" Encode="1" Receive="1" Value="4496314" StatusID="0001"/>
			<Cell CellID="L_40" CellID2="AJ_50" Encode="1" Receive="1" Value="10" StatusID="0001"/>
			<Cell CellID="M_40" CellID2="AN_50" Encode="1" Receive="1" Value="449632" StatusID="0001"/>
			<Cell CellID="N_40" CellID2="AR_50" Encode="1" Receive="1" Value="" StatusID="0001"/>
		</Cells>
		<Cells>
			<Cell CellID="C_41" CellID2="AU_51" FirstCell="1" Encode="0" Receive="1" Value="" StatusID="0001"/>
			<Cell CellID="D_41" CellID2="C_51" Encode="1" Receive="1" Value="01GTKT2/001" StatusID="0001"/>
			<Cell CellID="E_41" CellID2="E_51" Encode="1" Receive="1" Value="AC/14T" StatusID="0001"/>
			<Cell CellID="F_41" CellID2="G_51" Encode="1" Receive="1" Value="0240535" StatusID="0001"/>
			<Cell CellID="G_41" CellID2="M_51" Encode="1" Receive="1" Value="17/06/2014" StatusID="0001"/>
			<Cell CellID="H_41" CellID2="R_51" Encode="1" Receive="1" Value="Công Ty Điện Lực Long An" StatusID="0001"/>
			<Cell CellID="I_41" CellID2="X_51" Encode="1" Receive="1" Value="0300942001017" StatusID="0001"/>
			<Cell CellID="J_41" CellID2="AB_51" Encode="1" Receive="1" Value="Điện kỳ 2 Tháng 06/2014" StatusID="0001"/>
			<Cell CellID="K_41" CellID2="AF_51" Encode="1" Receive="1" Value="20790000" StatusID="0001"/>
			<Cell CellID="L_41" CellID2="AJ_51" Encode="1" Receive="1" Value="10" StatusID="0001"/>
			<Cell CellID="M_41" CellID2="AN_51" Encode="1" Receive="1" Value="2079000" StatusID="0001"/>
			<Cell CellID="N_41" CellID2="AR_51" Encode="1" Receive="1" Value="" StatusID="0001"/>
		</Cells>
		<Cells>
			<Cell CellID="C_42" CellID2="AU_52" FirstCell="1" Encode="0" Receive="1" Value="" StatusID="0001"/>
			<Cell CellID="D_42" CellID2="C_52" Encode="1" Receive="1" Value="01GTKT3/001" StatusID="0001"/>
			<Cell CellID="E_42" CellID2="E_52" Encode="1" Receive="1" Value="AA/11P" StatusID="0001"/>
			<Cell CellID="F_42" CellID2="G_52" Encode="1" Receive="1" Value="0007649" StatusID="0001"/>
			<Cell CellID="G_42" CellID2="M_52" Encode="1" Receive="1" Value="22/06/2014" StatusID="0001"/>
			<Cell CellID="H_42" CellID2="R_52" Encode="1" Receive="1" Value="Công Ty Cổ Phần Chiếu Xạ An Phú" StatusID="0001"/>
			<Cell CellID="I_42" CellID2="X_52" Encode="1" Receive="1" Value="3700480244" StatusID="0001"/>
			<Cell CellID="J_42" CellID2="AB_52" Encode="1" Receive="1" Value="Phí xử lý khô cá, phí bốc xếp" StatusID="0001"/>
			<Cell CellID="K_42" CellID2="AF_52" Encode="1" Receive="1" Value="22491000" StatusID="0001"/>
			<Cell CellID="L_42" CellID2="AJ_52" Encode="1" Receive="1" Value="10" StatusID="0001"/>
			<Cell CellID="M_42" CellID2="AN_52" Encode="1" Receive="1" Value="2249100" StatusID="0001"/>
			<Cell CellID="N_42" CellID2="AR_52" Encode="1" Receive="1" Value="" StatusID="0001"/>
		</Cells>
		<Cells>
			<Cell CellID="C_43" CellID2="AU_53" FirstCell="1" Encode="0" Receive="1" Value="" StatusID="0001"/>
			<Cell CellID="D_43" CellID2="C_53" Encode="1" Receive="1" Value="01GTKT2/001" StatusID="0001"/>
			<Cell CellID="E_43" CellID2="E_53" Encode="1" Receive="1" Value="AC/14T" StatusID="0001"/>
			<Cell CellID="F_43" CellID2="G_53" Encode="1" Receive="1" Value="0242246" StatusID="0001"/>
			<Cell CellID="G_43" CellID2="M_53" Encode="1" Receive="1" Value="26/06/2014" StatusID="0001"/>
			<Cell CellID="H_43" CellID2="R_53" Encode="1" Receive="1" Value="Công Ty Điện Lực Long An" StatusID="0001"/>
			<Cell CellID="I_43" CellID2="X_53" Encode="1" Receive="1" Value="0300942001017" StatusID="0001"/>
			<Cell CellID="J_43" CellID2="AB_53" Encode="1" Receive="1" Value="Điện kỳ 3 Tháng 06/2014" StatusID="0001"/>
			<Cell CellID="K_43" CellID2="AF_53" Encode="1" Receive="1" Value="23853800" StatusID="0001"/>
			<Cell CellID="L_43" CellID2="AJ_53" Encode="1" Receive="1" Value="10" StatusID="0001"/>
			<Cell CellID="M_43" CellID2="AN_53" Encode="1" Receive="1" Value="2385380" StatusID="0001"/>
			<Cell CellID="N_43" CellID2="AR_53" Encode="1" Receive="1" Value="" StatusID="0001"/>
		</Cells>
		<Cells>
			<Cell CellID="C_44" CellID2="AU_54" FirstCell="1" Encode="0" Receive="1" Value="" StatusID="0001"/>
			<Cell CellID="D_44" CellID2="C_54" Encode="1" Receive="1" Value="01GTKT3/001" StatusID="0001"/>
			<Cell CellID="E_44" CellID2="E_54" Encode="1" Receive="1" Value="AA/11P" StatusID="0001"/>
			<Cell CellID="F_44" CellID2="G_54" Encode="1" Receive="1" Value="0007740" StatusID="0001"/>
			<Cell CellID="G_44" CellID2="M_54" Encode="1" Receive="1" Value="30/06/2014" StatusID="0001"/>
			<Cell CellID="H_44" CellID2="R_54" Encode="1" Receive="1" Value="Công Ty Cổ Phần Chiếu Xạ An Phú" StatusID="0001"/>
			<Cell CellID="I_44" CellID2="X_54" Encode="1" Receive="1" Value="3700480244" StatusID="0001"/>
			<Cell CellID="J_44" CellID2="AB_54" Encode="1" Receive="1" Value="Phí xử lý khô cá, phí bốc xếp" StatusID="0001"/>
			<Cell CellID="K_44" CellID2="AF_54" Encode="1" Receive="1" Value="1454400" StatusID="0001"/>
			<Cell CellID="L_44" CellID2="AJ_54" Encode="1" Receive="1" Value="10" StatusID="0001"/>
			<Cell CellID="M_44" CellID2="AN_54" Encode="1" Receive="1" Value="145440" StatusID="0001"/>
			<Cell CellID="N_44" CellID2="AR_54" Encode="1" Receive="1" Value="" StatusID="0001"/>
		</Cells>
		<Cells>
			<Cell CellID="C_45" CellID2="AU_55" FirstCell="1" Encode="0" Receive="1" Value="" StatusID="0001"/>
			<Cell CellID="D_45" CellID2="C_55" Encode="1" Receive="1" Value="01GTKT3/001" StatusID="0001"/>
			<Cell CellID="E_45" CellID2="E_55" Encode="1" Receive="1" Value="TP/11P" StatusID="0001"/>
			<Cell CellID="F_45" CellID2="G_55" Encode="1" Receive="1" Value="0008900" StatusID="0001"/>
			<Cell CellID="G_45" CellID2="M_55" Encode="1" Receive="1" Value="12/06/2014" StatusID="0001"/>
			<Cell CellID="H_45" CellID2="R_55" Encode="1" Receive="1" Value="Công Ty TNHH Hóa Chất Thành Phương" StatusID="0001"/>
			<Cell CellID="I_45" CellID2="X_55" Encode="1" Receive="1" Value="0301755780" StatusID="0001"/>
			<Cell CellID="J_45" CellID2="AB_55" Encode="1" Receive="1" Value="Sorbitol" StatusID="0001"/>
			<Cell CellID="K_45" CellID2="AF_55" Encode="1" Receive="1" Value="38340000" StatusID="0001"/>
			<Cell CellID="L_45" CellID2="AJ_55" Encode="1" Receive="1" Value="10" StatusID="0001"/>
			<Cell CellID="M_45" CellID2="AN_55" Encode="1" Receive="1" Value="3834000" StatusID="0001"/>
			<Cell CellID="N_45" CellID2="AR_55" Encode="1" Receive="1" Value="" StatusID="0001"/>
		</Cells>
		<Cells>
			<Cell CellID="C_46" CellID2="AU_56" FirstCell="1" Encode="0" Receive="1" Value="" StatusID="0001"/>
			<Cell CellID="D_46" CellID2="C_56" Encode="1" Receive="1" Value="01GTKT2/001" StatusID="0001"/>
			<Cell CellID="E_46" CellID2="E_56" Encode="1" Receive="1" Value="TD/10P" StatusID="0001"/>
			<Cell CellID="F_46" CellID2="G_56" Encode="1" Receive="1" Value="0003368" StatusID="0001"/>
			<Cell CellID="G_46" CellID2="M_56" Encode="1" Receive="1" Value="12/06/2014" StatusID="0001"/>
			<Cell CellID="H_46" CellID2="R_56" Encode="1" Receive="1" Value="Công Ty TNHH Tấn Dũng" StatusID="0001"/>
			<Cell CellID="I_46" CellID2="X_56" Encode="1" Receive="1" Value="1200469792" StatusID="0001"/>
			<Cell CellID="J_46" CellID2="AB_56" Encode="1" Receive="1" Value="Thùng carton 5 lớp" StatusID="0001"/>
			<Cell CellID="K_46" CellID2="AF_56" Encode="1" Receive="1" Value="6100000" StatusID="0001"/>
			<Cell CellID="L_46" CellID2="AJ_56" Encode="1" Receive="1" Value="10" StatusID="0001"/>
			<Cell CellID="M_46" CellID2="AN_56" Encode="1" Receive="1" Value="610000" StatusID="0001"/>
			<Cell CellID="N_46" CellID2="AR_56" Encode="1" Receive="1" Value="" StatusID="0001"/>
		</Cells>
		<Cells>
			<Cell CellID="C_47" CellID2="AU_57" FirstCell="1" Encode="0" Receive="1" Value="" StatusID="0001"/>
			<Cell CellID="D_47" CellID2="C_57" Encode="1" Receive="1" Value="01GTKT2/001" StatusID="0001"/>
			<Cell CellID="E_47" CellID2="E_57" Encode="1" Receive="1" Value="TD/10P" StatusID="0001"/>
			<Cell CellID="F_47" CellID2="G_57" Encode="1" Receive="1" Value="0003372" StatusID="0001"/>
			<Cell CellID="G_47" CellID2="M_57" Encode="1" Receive="1" Value="14/06/2014" StatusID="0001"/>
			<Cell CellID="H_47" CellID2="R_57" Encode="1" Receive="1" Value="Công Ty TNHH Tấn Dũng" StatusID="0001"/>
			<Cell CellID="I_47" CellID2="X_57" Encode="1" Receive="1" Value="1200469792" StatusID="0001"/>
			<Cell CellID="J_47" CellID2="AB_57" Encode="1" Receive="1" Value="Thùng carton các loại" StatusID="0001"/>
			<Cell CellID="K_47" CellID2="AF_57" Encode="1" Receive="1" Value="8582000" StatusID="0001"/>
			<Cell CellID="L_47" CellID2="AJ_57" Encode="1" Receive="1" Value="10" StatusID="0001"/>
			<Cell CellID="M_47" CellID2="AN_57" Encode="1" Receive="1" Value="858200" StatusID="0001"/>
			<Cell CellID="N_47" CellID2="AR_57" Encode="1" Receive="1" Value="" StatusID="0001"/>
		</Cells>
		<Cells>
			<Cell CellID="C_48" CellID2="AU_58" FirstCell="1" Encode="0" Receive="1" Value="" StatusID="0001"/>
			<Cell CellID="D_48" CellID2="C_58" Encode="1" Receive="1" Value="01GTKT3/001" StatusID="0001"/>
			<Cell CellID="E_48" CellID2="E_58" Encode="1" Receive="1" Value="TT/14P" StatusID="0001"/>
			<Cell CellID="F_48" CellID2="G_58" Encode="1" Receive="1" Value="0001209" StatusID="0001"/>
			<Cell CellID="G_48" CellID2="M_58" Encode="1" Receive="1" Value="23/06/2014" StatusID="0001"/>
			<Cell CellID="H_48" CellID2="R_58" Encode="1" Receive="1" Value="Công Ty TNHH MTV Muối Tân Thành" StatusID="0001"/>
			<Cell CellID="I_48" CellID2="X_58" Encode="1" Receive="1" Value="0305622894" StatusID="0001"/>
			<Cell CellID="J_48" CellID2="AB_58" Encode="1" Receive="1" Value="Muối" StatusID="0001"/>
			<Cell CellID="K_48" CellID2="AF_58" Encode="1" Receive="1" Value="10500000" StatusID="0001"/>
			<Cell CellID="L_48" CellID2="AJ_58" Encode="1" Receive="1" Value="0" StatusID="0001"/>
			<Cell CellID="M_48" CellID2="AN_58" Encode="1" Receive="1" Value="0" StatusID="0001"/>
			<Cell CellID="N_48" CellID2="AR_58" Encode="1" Receive="1" Value="" StatusID="0001"/>
		</Cells>
		<Cells>
			<Cell CellID="C_49" CellID2="AU_59" FirstCell="1" Encode="0" Receive="1" Value="" StatusID="0001"/>
			<Cell CellID="D_49" CellID2="C_59" Encode="1" Receive="1" Value="01GTKT2/001" StatusID="0001"/>
			<Cell CellID="E_49" CellID2="E_59" Encode="1" Receive="1" Value="TD/10P" StatusID="0001"/>
			<Cell CellID="F_49" CellID2="G_59" Encode="1" Receive="1" Value="0003400" StatusID="0001"/>
			<Cell CellID="G_49" CellID2="M_59" Encode="1" Receive="1" Value="24/06/2014" StatusID="0001"/>
			<Cell CellID="H_49" CellID2="R_59" Encode="1" Receive="1" Value="Công Ty TNHH Tấn Dũng" StatusID="0001"/>
			<Cell CellID="I_49" CellID2="X_59" Encode="1" Receive="1" Value="1200469792" StatusID="0001"/>
			<Cell CellID="J_49" CellID2="AB_59" Encode="1" Receive="1" Value="Thùng carton 5 lớp" StatusID="0001"/>
			<Cell CellID="K_49" CellID2="AF_59" Encode="1" Receive="1" Value="20736000" StatusID="0001"/>
			<Cell CellID="L_49" CellID2="AJ_59" Encode="1" Receive="1" Value="10" StatusID="0001"/>
			<Cell CellID="M_49" CellID2="AN_59" Encode="1" Receive="1" Value="2073600" StatusID="0001"/>
			<Cell CellID="N_49" CellID2="AR_59" Encode="1" Receive="1" Value="" StatusID="0001"/>
		</Cells>
		<Cells>
			<Cell CellID="C_50" CellID2="AU_60" FirstCell="1" Encode="0" Receive="1" Value="" StatusID="0001"/>
			<Cell CellID="D_50" CellID2="C_60" Encode="1" Receive="1" Value="01GTKT3/001" StatusID="0001"/>
			<Cell CellID="E_50" CellID2="E_60" Encode="1" Receive="1" Value="HS/11P" StatusID="0001"/>
			<Cell CellID="F_50" CellID2="G_60" Encode="1" Receive="1" Value="0000045" StatusID="0001"/>
			<Cell CellID="G_50" CellID2="M_60" Encode="1" Receive="1" Value="15/06/2014" StatusID="0001"/>
			<Cell CellID="H_50" CellID2="R_60" Encode="1" Receive="1" Value="Công Ty TNHH Hải Sản An Lạc" StatusID="0001"/>
			<Cell CellID="I_50" CellID2="X_60" Encode="1" Receive="1" Value="0304375917" StatusID="0001"/>
			<Cell CellID="J_50" CellID2="AB_60" Encode="1" Receive="1" Value="Phí dịch vụ thuê xe" StatusID="0001"/>
			<Cell CellID="K_50" CellID2="AF_60" Encode="1" Receive="1" Value="46000000" StatusID="0001"/>
			<Cell CellID="L_50" CellID2="AJ_60" Encode="1" Receive="1" Value="10" StatusID="0001"/>
			<Cell CellID="M_50" CellID2="AN_60" Encode="1" Receive="1" Value="4600000" StatusID="0001"/>
			<Cell CellID="N_50" CellID2="AR_60" Encode="1" Receive="1" Value="" StatusID="0001"/>
		</Cells>
		<Cells>
			<Cell CellID="C_51" CellID2="AU_61" FirstCell="1" Encode="0" Receive="1" Value="" StatusID="0001"/>
			<Cell CellID="D_51" CellID2="C_61" Encode="1" Receive="1" Value="01GTKT2/001" StatusID="0001"/>
			<Cell CellID="E_51" CellID2="E_61" Encode="1" Receive="1" Value="MM/14T" StatusID="0001"/>
			<Cell CellID="F_51" CellID2="G_61" Encode="1" Receive="1" Value="0067572" StatusID="0001"/>
			<Cell CellID="G_51" CellID2="M_61" Encode="1" Receive="1" Value="03/06/2014" StatusID="0001"/>
			<Cell CellID="H_51" CellID2="R_61" Encode="1" Receive="1" Value="NH Eximbank Quận 4" StatusID="0001"/>
			<Cell CellID="I_51" CellID2="X_61" Encode="1" Receive="1" Value="0301179079" StatusID="0001"/>
			<Cell CellID="J_51" CellID2="AB_61" Encode="1" Receive="1" Value="Phí dịch vụ thanh toán" StatusID="0001"/>
			<Cell CellID="K_51" CellID2="AF_61" Encode="1" Receive="1" Value="337397" StatusID="0001"/>
			<Cell CellID="L_51" CellID2="AJ_61" Encode="1" Receive="1" Value="10" StatusID="0001"/>
			<Cell CellID="M_51" CellID2="AN_61" Encode="1" Receive="1" Value="33676" StatusID="0001"/>
			<Cell CellID="N_51" CellID2="AR_61" Encode="1" Receive="1" Value="" StatusID="0001"/>
		</Cells>
		<Cells>
			<Cell CellID="C_52" CellID2="AU_62" FirstCell="1" Encode="0" Receive="1" Value="" StatusID="0001"/>
			<Cell CellID="D_52" CellID2="C_62" Encode="1" Receive="1" Value="01GTKT2/001" StatusID="0001"/>
			<Cell CellID="E_52" CellID2="E_62" Encode="1" Receive="1" Value="QT/14T" StatusID="0001"/>
			<Cell CellID="F_52" CellID2="G_62" Encode="1" Receive="1" Value="0067573" StatusID="0001"/>
			<Cell CellID="G_52" CellID2="M_62" Encode="1" Receive="1" Value="03/06/2014" StatusID="0001"/>
			<Cell CellID="H_52" CellID2="R_62" Encode="1" Receive="1" Value="NH Eximbank Quận 4" StatusID="0001"/>
			<Cell CellID="I_52" CellID2="X_62" Encode="1" Receive="1" Value="0301179079" StatusID="0001"/>
			<Cell CellID="J_52" CellID2="AB_62" Encode="1" Receive="1" Value="Phí dịch vụ thanh toán" StatusID="0001"/>
			<Cell CellID="K_52" CellID2="AF_62" Encode="1" Receive="1" Value="529288" StatusID="0001"/>
			<Cell CellID="L_52" CellID2="AJ_62" Encode="1" Receive="1" Value="10" StatusID="0001"/>
			<Cell CellID="M_52" CellID2="AN_62" Encode="1" Receive="1" Value="52950" StatusID="0001"/>
			<Cell CellID="N_52" CellID2="AR_62" Encode="1" Receive="1" Value="" StatusID="0001"/>
		</Cells>
		<Cells>
			<Cell CellID="C_53" CellID2="AU_63" FirstCell="1" Encode="0" Receive="1" Value="" StatusID="0001"/>
			<Cell CellID="D_53" CellID2="C_63" Encode="1" Receive="1" Value="01GTKT2/001" StatusID="0001"/>
			<Cell CellID="E_53" CellID2="E_63" Encode="1" Receive="1" Value="QT/14T" StatusID="0001"/>
			<Cell CellID="F_53" CellID2="G_63" Encode="1" Receive="1" Value="0069195" StatusID="0001"/>
			<Cell CellID="G_53" CellID2="M_63" Encode="1" Receive="1" Value="12/06/2014" StatusID="0001"/>
			<Cell CellID="H_53" CellID2="R_63" Encode="1" Receive="1" Value="NH Eximbank Quận 4" StatusID="0001"/>
			<Cell CellID="I_53" CellID2="X_63" Encode="1" Receive="1" Value="0301179079" StatusID="0001"/>
			<Cell CellID="J_53" CellID2="AB_63" Encode="1" Receive="1" Value="Phí dịch vụ thanh toán" StatusID="0001"/>
			<Cell CellID="K_53" CellID2="AF_63" Encode="1" Receive="1" Value="582513" StatusID="0001"/>
			<Cell CellID="L_53" CellID2="AJ_63" Encode="1" Receive="1" Value="10" StatusID="0001"/>
			<Cell CellID="M_53" CellID2="AN_63" Encode="1" Receive="1" Value="58273" StatusID="0001"/>
			<Cell CellID="N_53" CellID2="AR_63" Encode="1" Receive="1" Value="" StatusID="0001"/>
		</Cells>
		<Cells>
			<Cell CellID="C_54" CellID2="AU_64" FirstCell="1" Encode="0" Receive="1" Value="" StatusID="0001"/>
			<Cell CellID="D_54" CellID2="C_64" Encode="1" Receive="1" Value="01GTKT2/001" StatusID="0001"/>
			<Cell CellID="E_54" CellID2="E_64" Encode="1" Receive="1" Value="QT/14T" StatusID="0001"/>
			<Cell CellID="F_54" CellID2="G_64" Encode="1" Receive="1" Value="140612-0" StatusID="0001"/>
			<Cell CellID="G_54" CellID2="M_64" Encode="1" Receive="1" Value="12/06/2014" StatusID="0001"/>
			<Cell CellID="H_54" CellID2="R_64" Encode="1" Receive="1" Value="NH Eximbank Quận 4" StatusID="0001"/>
			<Cell CellID="I_54" CellID2="X_64" Encode="1" Receive="1" Value="0301179079" StatusID="0001"/>
			<Cell CellID="J_54" CellID2="AB_64" Encode="1" Receive="1" Value="Phí tông báo L/C, phí thanh toán , bưu phí" StatusID="0001"/>
			<Cell CellID="K_54" CellID2="AF_64" Encode="1" Receive="1" Value="1838021" StatusID="0001"/>
			<Cell CellID="L_54" CellID2="AJ_64" Encode="1" Receive="1" Value="10" StatusID="0001"/>
			<Cell CellID="M_54" CellID2="AN_64" Encode="1" Receive="1" Value="183717" StatusID="0001"/>
			<Cell CellID="N_54" CellID2="AR_64" Encode="1" Receive="1" Value="" StatusID="0001"/>
		</Cells>
		<Cells>
			<Cell CellID="C_55" CellID2="AU_65" FirstCell="1" Encode="0" Receive="1" Value="" StatusID="0001"/>
			<Cell CellID="D_55" CellID2="C_65" Encode="1" Receive="1" Value="01GTKT2/001" StatusID="0001"/>
			<Cell CellID="E_55" CellID2="E_65" Encode="1" Receive="1" Value="QT/14T" StatusID="0001"/>
			<Cell CellID="F_55" CellID2="G_65" Encode="1" Receive="1" Value="0070691" StatusID="0001"/>
			<Cell CellID="G_55" CellID2="M_65" Encode="1" Receive="1" Value="20/06/2014" StatusID="0001"/>
			<Cell CellID="H_55" CellID2="R_65" Encode="1" Receive="1" Value="NH Eximbank Quận 4" StatusID="0001"/>
			<Cell CellID="I_55" CellID2="X_65" Encode="1" Receive="1" Value="0301179079" StatusID="0001"/>
			<Cell CellID="J_55" CellID2="AB_65" Encode="1" Receive="1" Value="Phí dịch vụ thanh toán" StatusID="0001"/>
			<Cell CellID="K_55" CellID2="AF_65" Encode="1" Receive="1" Value="638187" StatusID="0001"/>
			<Cell CellID="L_55" CellID2="AJ_65" Encode="1" Receive="1" Value="10" StatusID="0001"/>
			<Cell CellID="M_55" CellID2="AN_65" Encode="1" Receive="1" Value="63840" StatusID="0001"/>
			<Cell CellID="N_55" CellID2="AR_65" Encode="1" Receive="1" Value="" StatusID="0001"/>
		</Cells>
		<Cells>
			<Cell CellID="C_56" CellID2="AU_66" FirstCell="1" Encode="0" Receive="1" Value="" StatusID="0001"/>
			<Cell CellID="D_56" CellID2="C_66" Encode="1" Receive="1" Value="01GTKT2/001" StatusID="0001"/>
			<Cell CellID="E_56" CellID2="E_66" Encode="1" Receive="1" Value="MM/14T" StatusID="0001"/>
			<Cell CellID="F_56" CellID2="G_66" Encode="1" Receive="1" Value="0047715" StatusID="0001"/>
			<Cell CellID="G_56" CellID2="M_66" Encode="1" Receive="1" Value="13/06/2014" StatusID="0001"/>
			<Cell CellID="H_56" CellID2="R_66" Encode="1" Receive="1" Value="NH Eximbank Quận 11" StatusID="0001"/>
			<Cell CellID="I_56" CellID2="X_66" Encode="1" Receive="1" Value="0301179079-039" StatusID="0001"/>
			<Cell CellID="J_56" CellID2="AB_66" Encode="1" Receive="1" Value="Phí dịch vụ thanh toán" StatusID="0001"/>
			<Cell CellID="K_56" CellID2="AF_66" Encode="1" Receive="1" Value="515341" StatusID="0001"/>
			<Cell CellID="L_56" CellID2="AJ_66" Encode="1" Receive="1" Value="10" StatusID="0001"/>
			<Cell CellID="M_56" CellID2="AN_66" Encode="1" Receive="1" Value="51492" StatusID="0001"/>
			<Cell CellID="N_56" CellID2="AR_66" Encode="1" Receive="1" Value="" StatusID="0001"/>
		</Cells>
		<Cells>
			<Cell CellID="C_57" CellID2="AU_67" FirstCell="1" Encode="0" Receive="1" Value="" StatusID="0001"/>
			<Cell CellID="D_57" CellID2="C_67" Encode="1" Receive="1" Value="01GTKT2/001" StatusID="0001"/>
			<Cell CellID="E_57" CellID2="E_67" Encode="1" Receive="1" Value="MM/14T" StatusID="0001"/>
			<Cell CellID="F_57" CellID2="G_67" Encode="1" Receive="1" Value="0049952" StatusID="0001"/>
			<Cell CellID="G_57" CellID2="M_67" Encode="1" Receive="1" Value="26/06/2014" StatusID="0001"/>
			<Cell CellID="H_57" CellID2="R_67" Encode="1" Receive="1" Value="NH Eximbank Quận 11" StatusID="0001"/>
			<Cell CellID="I_57" CellID2="X_67" Encode="1" Receive="1" Value="0301179079-039" StatusID="0001"/>
			<Cell CellID="J_57" CellID2="AB_67" Encode="1" Receive="1" Value="Phí dịch vụ thanh toán" StatusID="0001"/>
			<Cell CellID="K_57" CellID2="AF_67" Encode="1" Receive="1" Value="479262" StatusID="0001"/>
			<Cell CellID="L_57" CellID2="AJ_67" Encode="1" Receive="1" Value="10" StatusID="0001"/>
			<Cell CellID="M_57" CellID2="AN_67" Encode="1" Receive="1" Value="47948" StatusID="0001"/>
			<Cell CellID="N_57" CellID2="AR_67" Encode="1" Receive="1" Value="" StatusID="0001"/>
		</Cells>
		<Cells>
			<Cell CellID="C_58" CellID2="AU_68" FirstCell="1" Encode="0" Receive="1" Value="" StatusID="0001"/>
			<Cell CellID="D_58" CellID2="C_68" Encode="1" Receive="1" Value="01GTKT2/001" StatusID="0001"/>
			<Cell CellID="E_58" CellID2="E_68" Encode="1" Receive="1" Value="MM/14T" StatusID="0001"/>
			<Cell CellID="F_58" CellID2="G_68" Encode="1" Receive="1" Value="0056651" StatusID="0001"/>
			<Cell CellID="G_58" CellID2="M_68" Encode="1" Receive="1" Value="20/06/2014" StatusID="0001"/>
			<Cell CellID="H_58" CellID2="R_68" Encode="1" Receive="1" Value="NH Eximbank Quận 11" StatusID="0001"/>
			<Cell CellID="I_58" CellID2="X_68" Encode="1" Receive="1" Value="0301179079-039" StatusID="0001"/>
			<Cell CellID="J_58" CellID2="AB_68" Encode="1" Receive="1" Value="Phí thông báo số dư tự động tK USD" StatusID="0001"/>
			<Cell CellID="K_58" CellID2="AF_68" Encode="1" Receive="1" Value="50008" StatusID="0001"/>
			<Cell CellID="L_58" CellID2="AJ_68" Encode="1" Receive="1" Value="10" StatusID="0001"/>
			<Cell CellID="M_58" CellID2="AN_68" Encode="1" Receive="1" Value="4894" StatusID="0001"/>
			<Cell CellID="N_58" CellID2="AR_68" Encode="1" Receive="1" Value="" StatusID="0001"/>
		</Cells>
		<Cells>
			<Cell CellID="C_59" CellID2="AU_69" FirstCell="1" Encode="0" Receive="1" Value="" StatusID="0001"/>
			<Cell CellID="D_59" CellID2="C_69" Encode="1" Receive="1" Value="01GTKT2/001" StatusID="0001"/>
			<Cell CellID="E_59" CellID2="E_69" Encode="1" Receive="1" Value="MM/14T" StatusID="0001"/>
			<Cell CellID="F_59" CellID2="G_69" Encode="1" Receive="1" Value="0056652" StatusID="0001"/>
			<Cell CellID="G_59" CellID2="M_69" Encode="1" Receive="1" Value="20/06/2014" StatusID="0001"/>
			<Cell CellID="H_59" CellID2="R_69" Encode="1" Receive="1" Value="NH Eximbank Quận 11" StatusID="0001"/>
			<Cell CellID="I_59" CellID2="X_69" Encode="1" Receive="1" Value="0301179079-039" StatusID="0001"/>
			<Cell CellID="J_59" CellID2="AB_69" Encode="1" Receive="1" Value="Phí thông báo số dư tự động tK USD" StatusID="0001"/>
			<Cell CellID="K_59" CellID2="AF_69" Encode="1" Receive="1" Value="50008" StatusID="0001"/>
			<Cell CellID="L_59" CellID2="AJ_69" Encode="1" Receive="1" Value="10" StatusID="0001"/>
			<Cell CellID="M_59" CellID2="AN_69" Encode="1" Receive="1" Value="4894" StatusID="0001"/>
			<Cell CellID="N_59" CellID2="AR_69" Encode="1" Receive="1" Value="" StatusID="0001"/>
		</Cells>
		<Cells>
			<Cell CellID="C_60" CellID2="AU_70" FirstCell="1" Encode="0" Receive="1" Value="" StatusID="0001"/>
			<Cell CellID="D_60" CellID2="C_70" Encode="1" Receive="1" Value="01GTKT2/001" StatusID="0001"/>
			<Cell CellID="E_60" CellID2="E_70" Encode="1" Receive="1" Value="MM/14T" StatusID="0001"/>
			<Cell CellID="F_60" CellID2="G_70" Encode="1" Receive="1" Value="0056653" StatusID="0001"/>
			<Cell CellID="G_60" CellID2="M_70" Encode="1" Receive="1" Value="20/06/2014" StatusID="0001"/>
			<Cell CellID="H_60" CellID2="R_70" Encode="1" Receive="1" Value="NH Eximbank Quận 11" StatusID="0001"/>
			<Cell CellID="I_60" CellID2="X_70" Encode="1" Receive="1" Value="0301179079-039" StatusID="0001"/>
			<Cell CellID="J_60" CellID2="AB_70" Encode="1" Receive="1" Value="Phí thông báo số dư tự động tK USD" StatusID="0001"/>
			<Cell CellID="K_60" CellID2="AF_70" Encode="1" Receive="1" Value="50008" StatusID="0001"/>
			<Cell CellID="L_60" CellID2="AJ_70" Encode="1" Receive="1" Value="10" StatusID="0001"/>
			<Cell CellID="M_60" CellID2="AN_70" Encode="1" Receive="1" Value="4894" StatusID="0001"/>
			<Cell CellID="N_60" CellID2="AR_70" Encode="1" Receive="1" Value="" StatusID="0001"/>
		</Cells>
		<Cells>
			<Cell CellID="C_61" CellID2="AU_71" FirstCell="1" Encode="0" Receive="1" Value="" StatusID="0001"/>
			<Cell CellID="D_61" CellID2="C_71" Encode="1" Receive="1" Value="01GTKT2/001" StatusID="0001"/>
			<Cell CellID="E_61" CellID2="E_71" Encode="1" Receive="1" Value="MM/14T" StatusID="0001"/>
			<Cell CellID="F_61" CellID2="G_71" Encode="1" Receive="1" Value="140620-12" StatusID="0001"/>
			<Cell CellID="G_61" CellID2="M_71" Encode="1" Receive="1" Value="20/06/2014" StatusID="0001"/>
			<Cell CellID="H_61" CellID2="R_71" Encode="1" Receive="1" Value="NH Eximbank Quận 11" StatusID="0001"/>
			<Cell CellID="I_61" CellID2="X_71" Encode="1" Receive="1" Value="0301179079-039" StatusID="0001"/>
			<Cell CellID="J_61" CellID2="AB_71" Encode="1" Receive="1" Value="phí dịch vụ" StatusID="0001"/>
			<Cell CellID="K_61" CellID2="AF_71" Encode="1" Receive="1" Value="319200" StatusID="0001"/>
			<Cell CellID="L_61" CellID2="AJ_71" Encode="1" Receive="1" Value="10" StatusID="0001"/>
			<Cell CellID="M_61" CellID2="AN_71" Encode="1" Receive="1" Value="31920" StatusID="0001"/>
			<Cell CellID="N_61" CellID2="AR_71" Encode="1" Receive="1" Value="" StatusID="0001"/>
		</Cells>
		<Cells>
			<Cell CellID="C_62" CellID2="AU_72" FirstCell="1" Encode="0" Receive="1" Value="" StatusID="0001"/>
			<Cell CellID="D_62" CellID2="C_72" Encode="1" Receive="1" Value="01GTKT2/001" StatusID="0001"/>
			<Cell CellID="E_62" CellID2="E_72" Encode="1" Receive="1" Value="QT/14T" StatusID="0001"/>
			<Cell CellID="F_62" CellID2="G_72" Encode="1" Receive="1" Value="0051289" StatusID="0001"/>
			<Cell CellID="G_62" CellID2="M_72" Encode="1" Receive="1" Value="05/06/2014" StatusID="0001"/>
			<Cell CellID="H_62" CellID2="R_72" Encode="1" Receive="1" Value="NH Eximbank Quận 4" StatusID="0001"/>
			<Cell CellID="I_62" CellID2="X_72" Encode="1" Receive="1" Value="0301179079" StatusID="0001"/>
			<Cell CellID="J_62" CellID2="AB_72" Encode="1" Receive="1" Value="Phí thanh toán" StatusID="0001"/>
			<Cell CellID="K_62" CellID2="AF_72" Encode="1" Receive="1" Value="30000" StatusID="0001"/>
			<Cell CellID="L_62" CellID2="AJ_72" Encode="1" Receive="1" Value="10" StatusID="0001"/>
			<Cell CellID="M_62" CellID2="AN_72" Encode="1" Receive="1" Value="3000" StatusID="0001"/>
			<Cell CellID="N_62" CellID2="AR_72" Encode="1" Receive="1" Value="" StatusID="0001"/>
		</Cells>
		<Cells>
			<Cell CellID="C_63" CellID2="AU_73" FirstCell="1" Encode="0" Receive="1" Value="" StatusID="0001"/>
			<Cell CellID="D_63" CellID2="C_73" Encode="1" Receive="1" Value="01GTKT2/001" StatusID="0001"/>
			<Cell CellID="E_63" CellID2="E_73" Encode="1" Receive="1" Value="QT/14T" StatusID="0001"/>
			<Cell CellID="F_63" CellID2="G_73" Encode="1" Receive="1" Value="0051290" StatusID="0001"/>
			<Cell CellID="G_63" CellID2="M_73" Encode="1" Receive="1" Value="05/06/2014" StatusID="0001"/>
			<Cell CellID="H_63" CellID2="R_73" Encode="1" Receive="1" Value="NH Eximbank Quận 4" StatusID="0001"/>
			<Cell CellID="I_63" CellID2="X_73" Encode="1" Receive="1" Value="0301179079" StatusID="0001"/>
			<Cell CellID="J_63" CellID2="AB_73" Encode="1" Receive="1" Value="Phí thanh toán" StatusID="0001"/>
			<Cell CellID="K_63" CellID2="AF_73" Encode="1" Receive="1" Value="20000" StatusID="0001"/>
			<Cell CellID="L_63" CellID2="AJ_73" Encode="1" Receive="1" Value="10" StatusID="0001"/>
			<Cell CellID="M_63" CellID2="AN_73" Encode="1" Receive="1" Value="2000" StatusID="0001"/>
			<Cell CellID="N_63" CellID2="AR_73" Encode="1" Receive="1" Value="" StatusID="0001"/>
		</Cells>
		<Cells>
			<Cell CellID="C_64" CellID2="AU_74" FirstCell="1" Encode="0" Receive="1" Value="" StatusID="0001"/>
			<Cell CellID="D_64" CellID2="C_74" Encode="1" Receive="1" Value="01GTKT2/001" StatusID="0001"/>
			<Cell CellID="E_64" CellID2="E_74" Encode="1" Receive="1" Value="QT/14T" StatusID="0001"/>
			<Cell CellID="F_64" CellID2="G_74" Encode="1" Receive="1" Value="0051291" StatusID="0001"/>
			<Cell CellID="G_64" CellID2="M_74" Encode="1" Receive="1" Value="05/06/2014" StatusID="0001"/>
			<Cell CellID="H_64" CellID2="R_74" Encode="1" Receive="1" Value="NH Eximbank Quận 4" StatusID="0001"/>
			<Cell CellID="I_64" CellID2="X_74" Encode="1" Receive="1" Value="0301179079" StatusID="0001"/>
			<Cell CellID="J_64" CellID2="AB_74" Encode="1" Receive="1" Value="Phí thanh toán" StatusID="0001"/>
			<Cell CellID="K_64" CellID2="AF_74" Encode="1" Receive="1" Value="20000" StatusID="0001"/>
			<Cell CellID="L_64" CellID2="AJ_74" Encode="1" Receive="1" Value="10" StatusID="0001"/>
			<Cell CellID="M_64" CellID2="AN_74" Encode="1" Receive="1" Value="2000" StatusID="0001"/>
			<Cell CellID="N_64" CellID2="AR_74" Encode="1" Receive="1" Value="" StatusID="0001"/>
		</Cells>
		<Cells>
			<Cell CellID="C_65" CellID2="AU_75" FirstCell="1" Encode="0" Receive="1" Value="" StatusID="0001"/>
			<Cell CellID="D_65" CellID2="C_75" Encode="1" Receive="1" Value="01GTKT2/001" StatusID="0001"/>
			<Cell CellID="E_65" CellID2="E_75" Encode="1" Receive="1" Value="QT/14T" StatusID="0001"/>
			<Cell CellID="F_65" CellID2="G_75" Encode="1" Receive="1" Value="0051292" StatusID="0001"/>
			<Cell CellID="G_65" CellID2="M_75" Encode="1" Receive="1" Value="05/06/2014" StatusID="0001"/>
			<Cell CellID="H_65" CellID2="R_75" Encode="1" Receive="1" Value="NH Eximbank Quận 4" StatusID="0001"/>
			<Cell CellID="I_65" CellID2="X_75" Encode="1" Receive="1" Value="0301179079" StatusID="0001"/>
			<Cell CellID="J_65" CellID2="AB_75" Encode="1" Receive="1" Value="Phí thanh toán" StatusID="0001"/>
			<Cell CellID="K_65" CellID2="AF_75" Encode="1" Receive="1" Value="25000" StatusID="0001"/>
			<Cell CellID="L_65" CellID2="AJ_75" Encode="1" Receive="1" Value="10" StatusID="0001"/>
			<Cell CellID="M_65" CellID2="AN_75" Encode="1" Receive="1" Value="2500" StatusID="0001"/>
			<Cell CellID="N_65" CellID2="AR_75" Encode="1" Receive="1" Value="" StatusID="0001"/>
		</Cells>
		<Cells>
			<Cell CellID="C_66" CellID2="AU_76" FirstCell="1" Encode="0" Receive="1" Value="" StatusID="0001"/>
			<Cell CellID="D_66" CellID2="C_76" Encode="1" Receive="1" Value="01GTKT2/001" StatusID="0001"/>
			<Cell CellID="E_66" CellID2="E_76" Encode="1" Receive="1" Value="QT/14T" StatusID="0001"/>
			<Cell CellID="F_66" CellID2="G_76" Encode="1" Receive="1" Value="0051293" StatusID="0001"/>
			<Cell CellID="G_66" CellID2="M_76" Encode="1" Receive="1" Value="05/06/2014" StatusID="0001"/>
			<Cell CellID="H_66" CellID2="R_76" Encode="1" Receive="1" Value="NH Eximbank Quận 4" StatusID="0001"/>
			<Cell CellID="I_66" CellID2="X_76" Encode="1" Receive="1" Value="0301179079" StatusID="0001"/>
			<Cell CellID="J_66" CellID2="AB_76" Encode="1" Receive="1" Value="Phí thanh toán" StatusID="0001"/>
			<Cell CellID="K_66" CellID2="AF_76" Encode="1" Receive="1" Value="20000" StatusID="0001"/>
			<Cell CellID="L_66" CellID2="AJ_76" Encode="1" Receive="1" Value="10" StatusID="0001"/>
			<Cell CellID="M_66" CellID2="AN_76" Encode="1" Receive="1" Value="2000" StatusID="0001"/>
			<Cell CellID="N_66" CellID2="AR_76" Encode="1" Receive="1" Value="" StatusID="0001"/>
		</Cells>
		<Cells>
			<Cell CellID="C_67" CellID2="AU_77" FirstCell="1" Encode="0" Receive="1" Value="" StatusID="0001"/>
			<Cell CellID="D_67" CellID2="C_77" Encode="1" Receive="1" Value="01GTKT2/001" StatusID="0001"/>
			<Cell CellID="E_67" CellID2="E_77" Encode="1" Receive="1" Value="QT/14T" StatusID="0001"/>
			<Cell CellID="F_67" CellID2="G_77" Encode="1" Receive="1" Value="0051294" StatusID="0001"/>
			<Cell CellID="G_67" CellID2="M_77" Encode="1" Receive="1" Value="05/06/2014" StatusID="0001"/>
			<Cell CellID="H_67" CellID2="R_77" Encode="1" Receive="1" Value="NH Eximbank Quận 4" StatusID="0001"/>
			<Cell CellID="I_67" CellID2="X_77" Encode="1" Receive="1" Value="0301179079" StatusID="0001"/>
			<Cell CellID="J_67" CellID2="AB_77" Encode="1" Receive="1" Value="Phí thanh toán" StatusID="0001"/>
			<Cell CellID="K_67" CellID2="AF_77" Encode="1" Receive="1" Value="20000" StatusID="0001"/>
			<Cell CellID="L_67" CellID2="AJ_77" Encode="1" Receive="1" Value="10" StatusID="0001"/>
			<Cell CellID="M_67" CellID2="AN_77" Encode="1" Receive="1" Value="2000" StatusID="0001"/>
			<Cell CellID="N_67" CellID2="AR_77" Encode="1" Receive="1" Value="" StatusID="0001"/>
		</Cells>
		<Cells>
			<Cell CellID="C_68" CellID2="AU_78" FirstCell="1" Encode="0" Receive="1" Value="" StatusID="0001"/>
			<Cell CellID="D_68" CellID2="C_78" Encode="1" Receive="1" Value="01GTKT2/001" StatusID="0001"/>
			<Cell CellID="E_68" CellID2="E_78" Encode="1" Receive="1" Value="QT/14T" StatusID="0001"/>
			<Cell CellID="F_68" CellID2="G_78" Encode="1" Receive="1" Value="0051295" StatusID="0001"/>
			<Cell CellID="G_68" CellID2="M_78" Encode="1" Receive="1" Value="05/06/2014" StatusID="0001"/>
			<Cell CellID="H_68" CellID2="R_78" Encode="1" Receive="1" Value="NH Eximbank Quận 4" StatusID="0001"/>
			<Cell CellID="I_68" CellID2="X_78" Encode="1" Receive="1" Value="0301179079" StatusID="0001"/>
			<Cell CellID="J_68" CellID2="AB_78" Encode="1" Receive="1" Value="Phí thanh toán" StatusID="0001"/>
			<Cell CellID="K_68" CellID2="AF_78" Encode="1" Receive="1" Value="20000" StatusID="0001"/>
			<Cell CellID="L_68" CellID2="AJ_78" Encode="1" Receive="1" Value="10" StatusID="0001"/>
			<Cell CellID="M_68" CellID2="AN_78" Encode="1" Receive="1" Value="2000" StatusID="0001"/>
			<Cell CellID="N_68" CellID2="AR_78" Encode="1" Receive="1" Value="" StatusID="0001"/>
		</Cells>
		<Cells>
			<Cell CellID="C_69" CellID2="AU_79" FirstCell="1" Encode="0" Receive="1" Value="" StatusID="0001"/>
			<Cell CellID="D_69" CellID2="C_79" Encode="1" Receive="1" Value="01GTKT2/001" StatusID="0001"/>
			<Cell CellID="E_69" CellID2="E_79" Encode="1" Receive="1" Value="QT/14T" StatusID="0001"/>
			<Cell CellID="F_69" CellID2="G_79" Encode="1" Receive="1" Value="0051296" StatusID="0001"/>
			<Cell CellID="G_69" CellID2="M_79" Encode="1" Receive="1" Value="05/06/2014" StatusID="0001"/>
			<Cell CellID="H_69" CellID2="R_79" Encode="1" Receive="1" Value="NH Eximbank Quận 4" StatusID="0001"/>
			<Cell CellID="I_69" CellID2="X_79" Encode="1" Receive="1" Value="0301179079" StatusID="0001"/>
			<Cell CellID="J_69" CellID2="AB_79" Encode="1" Receive="1" Value="Phí thanh toán" StatusID="0001"/>
			<Cell CellID="K_69" CellID2="AF_79" Encode="1" Receive="1" Value="25000" StatusID="0001"/>
			<Cell CellID="L_69" CellID2="AJ_79" Encode="1" Receive="1" Value="10" StatusID="0001"/>
			<Cell CellID="M_69" CellID2="AN_79" Encode="1" Receive="1" Value="2500" StatusID="0001"/>
			<Cell CellID="N_69" CellID2="AR_79" Encode="1" Receive="1" Value="" StatusID="0001"/>
		</Cells>
		<Cells>
			<Cell CellID="C_70" CellID2="AU_80" FirstCell="1" Encode="0" Receive="1" Value="" StatusID="0001"/>
			<Cell CellID="D_70" CellID2="C_80" Encode="1" Receive="1" Value="01GTKT2/001" StatusID="0001"/>
			<Cell CellID="E_70" CellID2="E_80" Encode="1" Receive="1" Value="MM/14T" StatusID="0001"/>
			<Cell CellID="F_70" CellID2="G_80" Encode="1" Receive="1" Value="0054268" StatusID="0001"/>
			<Cell CellID="G_70" CellID2="M_80" Encode="1" Receive="1" Value="13/06/2014" StatusID="0001"/>
			<Cell CellID="H_70" CellID2="R_80" Encode="1" Receive="1" Value="NH Eximbank Quận 11" StatusID="0001"/>
			<Cell CellID="I_70" CellID2="X_80" Encode="1" Receive="1" Value="0301179079-039" StatusID="0001"/>
			<Cell CellID="J_70" CellID2="AB_80" Encode="1" Receive="1" Value="Phí thanh toán" StatusID="0001"/>
			<Cell CellID="K_70" CellID2="AF_80" Encode="1" Receive="1" Value="25000" StatusID="0001"/>
			<Cell CellID="L_70" CellID2="AJ_80" Encode="1" Receive="1" Value="10" StatusID="0001"/>
			<Cell CellID="M_70" CellID2="AN_80" Encode="1" Receive="1" Value="2500" StatusID="0001"/>
			<Cell CellID="N_70" CellID2="AR_80" Encode="1" Receive="1" Value="" StatusID="0001"/>
		</Cells>
		<Cells>
			<Cell CellID="C_71" CellID2="AU_81" FirstCell="1" Encode="0" Receive="1" Value="" StatusID="0001"/>
			<Cell CellID="D_71" CellID2="C_81" Encode="1" Receive="1" Value="01GTKT2/001" StatusID="0001"/>
			<Cell CellID="E_71" CellID2="E_81" Encode="1" Receive="1" Value="MM/14T" StatusID="0001"/>
			<Cell CellID="F_71" CellID2="G_81" Encode="1" Receive="1" Value="0054269" StatusID="0001"/>
			<Cell CellID="G_71" CellID2="M_81" Encode="1" Receive="1" Value="13/06/2014" StatusID="0001"/>
			<Cell CellID="H_71" CellID2="R_81" Encode="1" Receive="1" Value="NH Eximbank Quận 11" StatusID="0001"/>
			<Cell CellID="I_71" CellID2="X_81" Encode="1" Receive="1" Value="0301179079-039" StatusID="0001"/>
			<Cell CellID="J_71" CellID2="AB_81" Encode="1" Receive="1" Value="Phí thanh toán" StatusID="0001"/>
			<Cell CellID="K_71" CellID2="AF_81" Encode="1" Receive="1" Value="25000" StatusID="0001"/>
			<Cell CellID="L_71" CellID2="AJ_81" Encode="1" Receive="1" Value="10" StatusID="0001"/>
			<Cell CellID="M_71" CellID2="AN_81" Encode="1" Receive="1" Value="2500" StatusID="0001"/>
			<Cell CellID="N_71" CellID2="AR_81" Encode="1" Receive="1" Value="" StatusID="0001"/>
		</Cells>
		<Cells>
			<Cell CellID="C_72" CellID2="AU_82" FirstCell="1" Encode="0" Receive="1" Value="" StatusID="0001"/>
			<Cell CellID="D_72" CellID2="C_82" Encode="1" Receive="1" Value="01GTKT2/001" StatusID="0001"/>
			<Cell CellID="E_72" CellID2="E_82" Encode="1" Receive="1" Value="MM/14T" StatusID="0001"/>
			<Cell CellID="F_72" CellID2="G_82" Encode="1" Receive="1" Value="0054270" StatusID="0001"/>
			<Cell CellID="G_72" CellID2="M_82" Encode="1" Receive="1" Value="13/06/2014" StatusID="0001"/>
			<Cell CellID="H_72" CellID2="R_82" Encode="1" Receive="1" Value="NH Eximbank Quận 11" StatusID="0001"/>
			<Cell CellID="I_72" CellID2="X_82" Encode="1" Receive="1" Value="0301179079-039" StatusID="0001"/>
			<Cell CellID="J_72" CellID2="AB_82" Encode="1" Receive="1" Value="Phí thanh toán" StatusID="0001"/>
			<Cell CellID="K_72" CellID2="AF_82" Encode="1" Receive="1" Value="20000" StatusID="0001"/>
			<Cell CellID="L_72" CellID2="AJ_82" Encode="1" Receive="1" Value="10" StatusID="0001"/>
			<Cell CellID="M_72" CellID2="AN_82" Encode="1" Receive="1" Value="2000" StatusID="0001"/>
			<Cell CellID="N_72" CellID2="AR_82" Encode="1" Receive="1" Value="" StatusID="0001"/>
		</Cells>
		<Cells>
			<Cell CellID="C_73" CellID2="AU_83" FirstCell="1" Encode="0" Receive="1" Value="" StatusID="0001"/>
			<Cell CellID="D_73" CellID2="C_83" Encode="1" Receive="1" Value="01GTKT2/001" StatusID="0001"/>
			<Cell CellID="E_73" CellID2="E_83" Encode="1" Receive="1" Value="MM/14T" StatusID="0001"/>
			<Cell CellID="F_73" CellID2="G_83" Encode="1" Receive="1" Value="0054271" StatusID="0001"/>
			<Cell CellID="G_73" CellID2="M_83" Encode="1" Receive="1" Value="13/06/2014" StatusID="0001"/>
			<Cell CellID="H_73" CellID2="R_83" Encode="1" Receive="1" Value="NH Eximbank Quận 11" StatusID="0001"/>
			<Cell CellID="I_73" CellID2="X_83" Encode="1" Receive="1" Value="0301179079-039" StatusID="0001"/>
			<Cell CellID="J_73" CellID2="AB_83" Encode="1" Receive="1" Value="Phí thanh toán" StatusID="0001"/>
			<Cell CellID="K_73" CellID2="AF_83" Encode="1" Receive="1" Value="20000" StatusID="0001"/>
			<Cell CellID="L_73" CellID2="AJ_83" Encode="1" Receive="1" Value="10" StatusID="0001"/>
			<Cell CellID="M_73" CellID2="AN_83" Encode="1" Receive="1" Value="2000" StatusID="0001"/>
			<Cell CellID="N_73" CellID2="AR_83" Encode="1" Receive="1" Value="" StatusID="0001"/>
		</Cells>
		<Cells>
			<Cell CellID="C_74" CellID2="AU_84" FirstCell="1" Encode="0" Receive="1" Value="" StatusID="0001"/>
			<Cell CellID="D_74" CellID2="C_84" Encode="1" Receive="1" Value="01GTKT2/001" StatusID="0001"/>
			<Cell CellID="E_74" CellID2="E_84" Encode="1" Receive="1" Value="MM/14T" StatusID="0001"/>
			<Cell CellID="F_74" CellID2="G_84" Encode="1" Receive="1" Value="0054459" StatusID="0001"/>
			<Cell CellID="G_74" CellID2="M_84" Encode="1" Receive="1" Value="14/06/2014" StatusID="0001"/>
			<Cell CellID="H_74" CellID2="R_84" Encode="1" Receive="1" Value="NH Eximbank Quận 11" StatusID="0001"/>
			<Cell CellID="I_74" CellID2="X_84" Encode="1" Receive="1" Value="0301179079-039" StatusID="0001"/>
			<Cell CellID="J_74" CellID2="AB_84" Encode="1" Receive="1" Value="Phí thanh toán" StatusID="0001"/>
			<Cell CellID="K_74" CellID2="AF_84" Encode="1" Receive="1" Value="40000" StatusID="0001"/>
			<Cell CellID="L_74" CellID2="AJ_84" Encode="1" Receive="1" Value="10" StatusID="0001"/>
			<Cell CellID="M_74" CellID2="AN_84" Encode="1" Receive="1" Value="4000" StatusID="0001"/>
			<Cell CellID="N_74" CellID2="AR_84" Encode="1" Receive="1" Value="" StatusID="0001"/>
		</Cells>
		<Cells>
			<Cell CellID="C_75" CellID2="AU_85" FirstCell="1" Encode="0" Receive="1" Value="" StatusID="0001"/>
			<Cell CellID="D_75" CellID2="C_85" Encode="1" Receive="1" Value="01GTKT2/001" StatusID="0001"/>
			<Cell CellID="E_75" CellID2="E_85" Encode="1" Receive="1" Value="MM/14T" StatusID="0001"/>
			<Cell CellID="F_75" CellID2="G_85" Encode="1" Receive="1" Value="0056594" StatusID="0001"/>
			<Cell CellID="G_75" CellID2="M_85" Encode="1" Receive="1" Value="20/06/2014" StatusID="0001"/>
			<Cell CellID="H_75" CellID2="R_85" Encode="1" Receive="1" Value="NH Eximbank Quận 11" StatusID="0001"/>
			<Cell CellID="I_75" CellID2="X_85" Encode="1" Receive="1" Value="0301179079-039" StatusID="0001"/>
			<Cell CellID="J_75" CellID2="AB_85" Encode="1" Receive="1" Value="Phí thông báo số dư tự động TK VNĐ" StatusID="0001"/>
			<Cell CellID="K_75" CellID2="AF_85" Encode="1" Receive="1" Value="50000" StatusID="0001"/>
			<Cell CellID="L_75" CellID2="AJ_85" Encode="1" Receive="1" Value="10" StatusID="0001"/>
			<Cell CellID="M_75" CellID2="AN_85" Encode="1" Receive="1" Value="5000" StatusID="0001"/>
			<Cell CellID="N_75" CellID2="AR_85" Encode="1" Receive="1" Value="" StatusID="0001"/>
		</Cells>
		<Cells>
			<Cell CellID="C_76" CellID2="AU_86" FirstCell="1" Encode="0" Receive="1" Value="" StatusID="0001"/>
			<Cell CellID="D_76" CellID2="C_86" Encode="1" Receive="1" Value="01GTKT2/001" StatusID="0001"/>
			<Cell CellID="E_76" CellID2="E_86" Encode="1" Receive="1" Value="MM/14T" StatusID="0001"/>
			<Cell CellID="F_76" CellID2="G_86" Encode="1" Receive="1" Value="0056595" StatusID="0001"/>
			<Cell CellID="G_76" CellID2="M_86" Encode="1" Receive="1" Value="20/06/2014" StatusID="0001"/>
			<Cell CellID="H_76" CellID2="R_86" Encode="1" Receive="1" Value="NH Eximbank Quận 11" StatusID="0001"/>
			<Cell CellID="I_76" CellID2="X_86" Encode="1" Receive="1" Value="0301179079-039" StatusID="0001"/>
			<Cell CellID="J_76" CellID2="AB_86" Encode="1" Receive="1" Value="Phí thông báo số dư tự động TK VNĐ" StatusID="0001"/>
			<Cell CellID="K_76" CellID2="AF_86" Encode="1" Receive="1" Value="31000" StatusID="0001"/>
			<Cell CellID="L_76" CellID2="AJ_86" Encode="1" Receive="1" Value="10" StatusID="0001"/>
			<Cell CellID="M_76" CellID2="AN_86" Encode="1" Receive="1" Value="3100" StatusID="0001"/>
			<Cell CellID="N_76" CellID2="AR_86" Encode="1" Receive="1" Value="" StatusID="0001"/>
		</Cells>
		<Cells>
			<Cell CellID="C_77" CellID2="AU_87" FirstCell="1" Encode="0" Receive="1" Value="" StatusID="0001"/>
			<Cell CellID="D_77" CellID2="C_87" Encode="1" Receive="1" Value="01GTKT2/001" StatusID="0001"/>
			<Cell CellID="E_77" CellID2="E_87" Encode="1" Receive="1" Value="MM/14T" StatusID="0001"/>
			<Cell CellID="F_77" CellID2="G_87" Encode="1" Receive="1" Value="0056895" StatusID="0001"/>
			<Cell CellID="G_77" CellID2="M_87" Encode="1" Receive="1" Value="21/06/2014" StatusID="0001"/>
			<Cell CellID="H_77" CellID2="R_87" Encode="1" Receive="1" Value="NH Eximbank Quận 11" StatusID="0001"/>
			<Cell CellID="I_77" CellID2="X_87" Encode="1" Receive="1" Value="0301179079-039" StatusID="0001"/>
			<Cell CellID="J_77" CellID2="AB_87" Encode="1" Receive="1" Value="Phí thông báo số dư tự động TK VNĐ" StatusID="0001"/>
			<Cell CellID="K_77" CellID2="AF_87" Encode="1" Receive="1" Value="19000" StatusID="0001"/>
			<Cell CellID="L_77" CellID2="AJ_87" Encode="1" Receive="1" Value="10" StatusID="0001"/>
			<Cell CellID="M_77" CellID2="AN_87" Encode="1" Receive="1" Value="1900" StatusID="0001"/>
			<Cell CellID="N_77" CellID2="AR_87" Encode="1" Receive="1" Value="" StatusID="0001"/>
		</Cells>
		<Cells>
			<Cell CellID="C_78" CellID2="AU_88" FirstCell="1" Encode="0" Receive="1" Value="" StatusID="0001"/>
			<Cell CellID="D_78" CellID2="C_88" Encode="1" Receive="1" Value="01GTKT2/001" StatusID="0001"/>
			<Cell CellID="E_78" CellID2="E_88" Encode="1" Receive="1" Value="MM/14T" StatusID="0001"/>
			<Cell CellID="F_78" CellID2="G_88" Encode="1" Receive="1" Value="0056896" StatusID="0001"/>
			<Cell CellID="G_78" CellID2="M_88" Encode="1" Receive="1" Value="21/06/2014" StatusID="0001"/>
			<Cell CellID="H_78" CellID2="R_88" Encode="1" Receive="1" Value="NH Eximbank Quận 11" StatusID="0001"/>
			<Cell CellID="I_78" CellID2="X_88" Encode="1" Receive="1" Value="0301179079-039" StatusID="0001"/>
			<Cell CellID="J_78" CellID2="AB_88" Encode="1" Receive="1" Value="Phí thông báo số dư tự động TK VNĐ" StatusID="0001"/>
			<Cell CellID="K_78" CellID2="AF_88" Encode="1" Receive="1" Value="50000" StatusID="0001"/>
			<Cell CellID="L_78" CellID2="AJ_88" Encode="1" Receive="1" Value="10" StatusID="0001"/>
			<Cell CellID="M_78" CellID2="AN_88" Encode="1" Receive="1" Value="5000" StatusID="0001"/>
			<Cell CellID="N_78" CellID2="AR_88" Encode="1" Receive="1" Value="" StatusID="0001"/>
		</Cells>
	</Section>
	<Section Dynamic="1" MaxRows="0">
		<Cells>
			<Cell CellID="C_83" CellID2="AU_93" FirstCell="0" Encode="0" Receive="1" Value="" StatusID="0001"/>
			<Cell CellID="D_83" CellID2="C_93" Encode="1" Receive="1" Value="" StatusID="0001"/>
			<Cell CellID="E_83" CellID2="E_93" Encode="1" Receive="1" Value="" StatusID="0001"/>
			<Cell CellID="F_83" CellID2="G_93" Encode="1" Receive="1" Value="" StatusID="0001"/>
			<Cell CellID="G_83" CellID2="M_93" Encode="1" Receive="1" Value="" StatusID="0001"/>
			<Cell CellID="H_83" CellID2="R_93" Encode="1" Receive="1" Value="" StatusID="0001"/>
			<Cell CellID="I_83" CellID2="X_93" Encode="1" Receive="1" Value="" StatusID="0001"/>
			<Cell CellID="J_83" CellID2="AB_93" Encode="1" Receive="1" Value="" StatusID="0001"/>
			<Cell CellID="K_83" CellID2="AF_93" Encode="1" Receive="1" Value="0" StatusID="0001"/>
			<Cell CellID="L_83" CellID2="AJ_93" Encode="1" Receive="1" Value="0" StatusID="0001"/>
			<Cell CellID="M_83" CellID2="AN_93" Encode="1" Receive="1" Value="0" StatusID="0001"/>
			<Cell CellID="N_83" CellID2="AR_93" Encode="1" Receive="1" Value="" StatusID="0001"/>
		</Cells>
	</Section>
	<Section Dynamic="1" MaxRows="0">
		<Cells>
			<Cell CellID="C_88" CellID2="AU_98" FirstCell="0" Encode="0" Receive="1" Value="" StatusID="0001"/>
			<Cell CellID="D_88" CellID2="C_98" Encode="1" Receive="1" Value="" StatusID="0001"/>
			<Cell CellID="E_88" CellID2="E_98" Encode="1" Receive="1" Value="" StatusID="0001"/>
			<Cell CellID="F_88" CellID2="G_98" Encode="1" Receive="1" Value="" StatusID="0001"/>
			<Cell CellID="G_88" CellID2="M_98" Encode="1" Receive="1" Value="" StatusID="0001"/>
			<Cell CellID="H_88" CellID2="R_98" Encode="1" Receive="1" Value="" StatusID="0001"/>
			<Cell CellID="I_88" CellID2="X_98" Encode="1" Receive="1" Value="" StatusID="0001"/>
			<Cell CellID="J_88" CellID2="AB_98" Encode="1" Receive="1" Value="" StatusID="0001"/>
			<Cell CellID="K_88" CellID2="AF_98" Encode="1" Receive="1" Value="0" StatusID="0001"/>
			<Cell CellID="L_88" CellID2="AJ_98" Encode="1" Receive="1" Value="0" StatusID="0001"/>
			<Cell CellID="M_88" CellID2="AN_98" Encode="1" Receive="1" Value="0" StatusID="0001"/>
			<Cell CellID="N_88" CellID2="AR_98" Encode="1" Receive="1" Value="" StatusID="0001"/>
		</Cells>
	</Section>
	<Section Dynamic="1" MaxRows="0">
		<Cells>
			<Cell CellID="C_93" CellID2="AU_103" FirstCell="0" Encode="0" Receive="1" Value="" StatusID="0001"/>
			<Cell CellID="D_93" CellID2="C_103" Encode="1" Receive="1" Value="" StatusID="0001"/>
			<Cell CellID="E_93" CellID2="E_103" Encode="1" Receive="1" Value="" StatusID="0001"/>
			<Cell CellID="F_93" CellID2="G_103" Encode="1" Receive="1" Value="" StatusID="0001"/>
			<Cell CellID="G_93" CellID2="M_103" Encode="1" Receive="1" Value="" StatusID="0001"/>
			<Cell CellID="H_93" CellID2="R_103" Encode="1" Receive="1" Value="" StatusID="0001"/>
			<Cell CellID="I_93" CellID2="X_103" Encode="1" Receive="1" Value="" StatusID="0001"/>
			<Cell CellID="J_93" CellID2="AB_103" Encode="1" Receive="1" Value="" StatusID="0001"/>
			<Cell CellID="K_93" CellID2="AF_103" Encode="1" Receive="1" Value="0" StatusID="0001"/>
			<Cell CellID="L_93" CellID2="AJ_103" Encode="1" Receive="1" Value="0" StatusID="0001"/>
			<Cell CellID="M_93" CellID2="AN_103" Encode="1" Receive="1" Value="0" StatusID="0001"/>
			<Cell CellID="N_93" CellID2="AR_103" Encode="1" Receive="1" Value="" StatusID="0001"/>
		</Cells>
	</Section>
	<Section Dynamic="1" MaxRows="0">
		<Cells>
			<Cell CellID="C_98" CellID2="AU_108" FirstCell="0" Encode="0" Receive="1" Value="" StatusID="0001"/>
			<Cell CellID="D_98" CellID2="C_108" Encode="1" Receive="1" Value="" StatusID="0001"/>
			<Cell CellID="E_98" CellID2="E_108" Encode="1" Receive="1" Value="" StatusID="0001"/>
			<Cell CellID="F_98" CellID2="G_108" Encode="1" Receive="1" Value="" StatusID="0001"/>
			<Cell CellID="G_98" CellID2="M_108" Encode="1" Receive="1" Value="" StatusID="0001"/>
			<Cell CellID="H_98" CellID2="R_108" Encode="1" Receive="1" Value="" StatusID="0001"/>
			<Cell CellID="I_98" CellID2="X_108" Encode="1" Receive="1" Value="" StatusID="0001"/>
			<Cell CellID="J_98" CellID2="AB_108" Encode="1" Receive="1" Value="" StatusID="0001"/>
			<Cell CellID="K_98" CellID2="AF_108" Encode="1" Receive="1" Value="0" StatusID="0001"/>
			<Cell CellID="L_98" CellID2="AJ_108" Encode="1" Receive="1" Value="0" StatusID="0001"/>
			<Cell CellID="M_98" CellID2="AN_108" Encode="1" Receive="1" Value="0" StatusID="0001"/>
			<Cell CellID="N_98" CellID2="AR_108" Encode="1" Receive="1" Value="" StatusID="0001"/>
		</Cells>
	</Section>
	<Section Dynamic="0" MaxRows="0">
		<Cells>
			<Cell CellID="H_111" CellID2="V_117" Encode="1" Value="414314750"/>
			<Cell CellID="H_112" CellID2="V_119" Encode="1" Value="30213187"/>
		</Cells>
	</Section>
</Sections>
