<!-- edited with XML Spy v4.1 U (http://www.xmlspy.com) by CMCSoft-->
<!DOCTYPE Sections SYSTEM "..\..\InterfaceTemplates\Schema.dtd">
<Sections Version="130">
	<Section Dynamic="0" MaxRows="0">
		<Cells>
			<Cell CellID="H_9" CellID2="P_16" Encode="1" Value="IV.08"/>
			<Cell CellID="I_9" CellID2="Z_16" Encode="1" Value="57211792893"/>
			<Cell CellID="J_9" CellID2="AE_16" Encode="1" Value="44696593054"/>
			<Cell CellID="H_10" CellID2="P_17" Encode="1" Value=""/>
			<Cell CellID="I_10" CellID2="Z_17" Encode="1" Value="391690320"/>
			<Cell CellID="J_10" CellID2="AE_17" Encode="1" Value="0"/>
			<Cell CellID="H_11" CellID2="P_18" Encode="1" Value=""/>
			<Cell CellID="I_11" CellID2="Z_18" Encode="1" Value="56820102573"/>
			<Cell CellID="J_11" CellID2="AE_18" Encode="1" Value="44696593054"/>
			<Cell CellID="H_12" CellID2="P_19" Encode="1" Value=""/>
			<Cell CellID="I_12" CellID2="Z_19" Encode="1" Value="51347272724"/>
			<Cell CellID="J_12" CellID2="AE_19" Encode="1" Value="39917096027"/>
			<Cell CellID="H_13" CellID2="P_20" Encode="1" Value=""/>
			<Cell CellID="I_13" CellID2="Z_20" Encode="1" Value="5472829849"/>
			<Cell CellID="J_13" CellID2="AE_20" Encode="1" Value="4779497027"/>
			<Cell CellID="H_14" CellID2="P_21" Encode="1" Value=""/>
			<Cell CellID="I_14" CellID2="Z_21" Encode="1" Value="310901988"/>
			<Cell CellID="J_14" CellID2="AE_21" Encode="1" Value="356171036"/>
			<Cell CellID="H_15" CellID2="P_22" Encode="1" Value=""/>
			<Cell CellID="I_15" CellID2="Z_22" Encode="1" Value="1407248500"/>
			<Cell CellID="J_15" CellID2="AE_22" Encode="1" Value="1190655127"/>
			<Cell CellID="H_16" CellID2="P_23" Encode="1" Value=""/>
			<Cell CellID="I_16" CellID2="Z_23" Encode="1" Value="1246976400"/>
			<Cell CellID="J_16" CellID2="AE_23" Encode="1" Value="1077474421"/>
			<Cell CellID="H_17" CellID2="P_24" Encode="1" Value=""/>
			<Cell CellID="I_17" CellID2="Z_24" Encode="1" Value="4402013683"/>
			<Cell CellID="J_17" CellID2="AE_24" Encode="1" Value="3729051290"/>
			<Cell CellID="H_18" CellID2="P_25" Encode="1" Value=""/>
			<Cell CellID="I_18" CellID2="Z_25" Encode="1" Value="-25530346"/>
			<Cell CellID="J_18" CellID2="AE_25" Encode="1" Value="215961646"/>
			<Cell CellID="H_19" CellID2="P_26" Encode="1" Value=""/>
			<Cell CellID="I_19" CellID2="Z_26" Encode="1" Value="182660315"/>
			<Cell CellID="J_19" CellID2="AE_26" Encode="1" Value="123909604"/>
			<Cell CellID="H_20" CellID2="P_27" Encode="1" Value=""/>
			<Cell CellID="I_20" CellID2="Z_27" Encode="1" Value="38145366"/>
			<Cell CellID="J_20" CellID2="AE_27" Encode="1" Value="18031582"/>
			<Cell CellID="H_21" CellID2="P_28" Encode="1" Value=""/>
			<Cell CellID="I_21" CellID2="Z_28" Encode="1" Value="144514949"/>
			<Cell CellID="J_21" CellID2="AE_28" Encode="1" Value="105878022"/>
			<Cell CellID="H_22" CellID2="P_29" Encode="1" Value="IV.09"/>
			<Cell CellID="I_22" CellID2="Z_29" Encode="1" Value="118984603"/>
			<Cell CellID="J_22" CellID2="AE_29" Encode="1" Value="321839668"/>
			<Cell CellID="H_23" CellID2="P_30" Encode="1" Value=""/>
			<Cell CellID="I_23" CellID2="Z_30" Encode="1" Value="17315826"/>
			<Cell CellID="J_23" CellID2="AE_30" Encode="1" Value="28645871"/>
			<Cell CellID="H_24" CellID2="P_31" Encode="1" Value=""/>
			<Cell CellID="I_24" CellID2="Z_31" Encode="1" Value="101668777"/>
			<Cell CellID="J_24" CellID2="AE_31" Encode="1" Value="293193797"/>
			<Cell CellID="I_28" CellID2="D_35" Encode="1" Value=""/>
			<Cell CellID="I_30" CellID2="C_35" Encode="1" Value="22/01/2015"/>
		</Cells>
	</Section>
</Sections>
