<!-- edited with XML Spy v4.1 U (http://www.xmlspy.com) by CMCSoft-->
<!DOCTYPE Sections SYSTEM "..\..\InterfaceTemplates\Schema.dtd">
<Sections Version="321">
	<Section Dynamic="1" MaxRows="0">
		<Cells>
			<Cell CellID="C_8" CellID2="AU_18" FirstCell="0" Encode="0" Receive="1" Value="" StatusID="0001"/>
			<Cell CellID="D_8" CellID2="C_18" Encode="1" Receive="1" Value="01GTKT3/001" StatusID="0001"/>
			<Cell CellID="E_8" CellID2="E_18" Encode="1" Receive="1" Value="QT/14T" StatusID="0001"/>
			<Cell CellID="F_8" CellID2="G_18" Encode="1" Receive="1" Value="0032403" StatusID="0001"/>
			<Cell CellID="G_8" CellID2="M_18" Encode="1" Receive="1" Value="07/10/2014" StatusID="0001"/>
			<Cell CellID="H_8" CellID2="R_18" Encode="1" Receive="1" Value="Công Ty TNHH Bảo Hiểm Liberty" StatusID="0001"/>
			<Cell CellID="I_8" CellID2="X_18" Encode="1" Receive="1" Value="0304732887" StatusID="0001"/>
			<Cell CellID="J_8" CellID2="AB_18" Encode="1" Receive="1" Value="VAT Phí BH theo HĐBH số S-MPB-00037962-03-14" StatusID="0001"/>
			<Cell CellID="K_8" CellID2="AF_18" Encode="1" Receive="1" Value="10064084" StatusID="0001"/>
			<Cell CellID="L_8" CellID2="AJ_18" Encode="1" Receive="1" Value="10" StatusID="0001"/>
			<Cell CellID="M_8" CellID2="AN_18" Encode="1" Receive="1" Value="1006408" StatusID="0001"/>
			<Cell CellID="N_8" CellID2="AR_18" Encode="1" Receive="1" Value="" StatusID="0001"/>
		</Cells>
	</Section>
	<Section Dynamic="1" MaxRows="0">
		<Cells>
			<Cell CellID="C_13" CellID2="AU_23" FirstCell="0" Encode="0" Receive="1" Value="" StatusID="0001"/>
			<Cell CellID="D_13" CellID2="C_23" Encode="1" Receive="1" Value="" StatusID="0001"/>
			<Cell CellID="E_13" CellID2="E_23" Encode="1" Receive="1" Value="" StatusID="0001"/>
			<Cell CellID="F_13" CellID2="G_23" Encode="1" Receive="1" Value="" StatusID="0001"/>
			<Cell CellID="G_13" CellID2="M_23" Encode="1" Receive="1" Value="" StatusID="0001"/>
			<Cell CellID="H_13" CellID2="R_23" Encode="1" Receive="1" Value="" StatusID="0001"/>
			<Cell CellID="I_13" CellID2="X_23" Encode="1" Receive="1" Value="" StatusID="0001"/>
			<Cell CellID="J_13" CellID2="AB_23" Encode="1" Receive="1" Value="" StatusID="0001"/>
			<Cell CellID="K_13" CellID2="AF_23" Encode="1" Receive="1" Value="0" StatusID="0001"/>
			<Cell CellID="L_13" CellID2="AJ_23" Encode="1" Receive="1" Value="0" StatusID="0001"/>
			<Cell CellID="M_13" CellID2="AN_23" Encode="1" Receive="1" Value="0" StatusID="0001"/>
			<Cell CellID="N_13" CellID2="AR_23" Encode="1" Receive="1" Value="" StatusID="0001"/>
		</Cells>
	</Section>
	<Section Dynamic="1" MaxRows="0">
		<Cells>
			<Cell CellID="C_18" CellID2="AU_28" FirstCell="0" Encode="0" Receive="1" Value="" StatusID="0001"/>
			<Cell CellID="D_18" CellID2="C_28" Encode="1" Receive="1" Value="" StatusID="0001"/>
			<Cell CellID="E_18" CellID2="E_28" Encode="1" Receive="1" Value="" StatusID="0001"/>
			<Cell CellID="F_18" CellID2="G_28" Encode="1" Receive="1" Value="" StatusID="0001"/>
			<Cell CellID="G_18" CellID2="M_28" Encode="1" Receive="1" Value="" StatusID="0001"/>
			<Cell CellID="H_18" CellID2="R_28" Encode="1" Receive="1" Value="" StatusID="0001"/>
			<Cell CellID="I_18" CellID2="X_28" Encode="1" Receive="1" Value="" StatusID="0001"/>
			<Cell CellID="J_18" CellID2="AB_28" Encode="1" Receive="1" Value="" StatusID="0001"/>
			<Cell CellID="K_18" CellID2="AF_28" Encode="1" Receive="1" Value="0" StatusID="0001"/>
			<Cell CellID="L_18" CellID2="AJ_28" Encode="1" Receive="1" Value="0" StatusID="0001"/>
			<Cell CellID="M_18" CellID2="AN_28" Encode="1" Receive="1" Value="0" StatusID="0001"/>
			<Cell CellID="N_18" CellID2="AR_28" Encode="1" Receive="1" Value="" StatusID="0001"/>
		</Cells>
	</Section>
	<Section Dynamic="1" MaxRows="0">
		<Cells>
			<Cell CellID="C_23" CellID2="AU_33" FirstCell="0" Encode="0" Receive="1" Value="" StatusID="0001"/>
			<Cell CellID="D_23" CellID2="C_33" Encode="1" Receive="1" Value="" StatusID="0001"/>
			<Cell CellID="E_23" CellID2="E_33" Encode="1" Receive="1" Value="" StatusID="0001"/>
			<Cell CellID="F_23" CellID2="G_33" Encode="1" Receive="1" Value="" StatusID="0001"/>
			<Cell CellID="G_23" CellID2="M_33" Encode="1" Receive="1" Value="" StatusID="0001"/>
			<Cell CellID="H_23" CellID2="R_33" Encode="1" Receive="1" Value="" StatusID="0001"/>
			<Cell CellID="I_23" CellID2="X_33" Encode="1" Receive="1" Value="" StatusID="0001"/>
			<Cell CellID="J_23" CellID2="AB_33" Encode="1" Receive="1" Value="" StatusID="0001"/>
			<Cell CellID="K_23" CellID2="AF_33" Encode="1" Receive="1" Value="0" StatusID="0001"/>
			<Cell CellID="L_23" CellID2="AJ_33" Encode="1" Receive="1" Value="0" StatusID="0001"/>
			<Cell CellID="M_23" CellID2="AN_33" Encode="1" Receive="1" Value="0" StatusID="0001"/>
			<Cell CellID="N_23" CellID2="AR_33" Encode="1" Receive="1" Value="" StatusID="0001"/>
		</Cells>
	</Section>
	<Section Dynamic="1" MaxRows="0">
		<Cells>
			<Cell CellID="C_28" CellID2="AU_38" FirstCell="0" Encode="0" Receive="1" Value="" StatusID="0001"/>
			<Cell CellID="D_28" CellID2="C_38" Encode="1" Receive="1" Value="" StatusID="0001"/>
			<Cell CellID="E_28" CellID2="E_38" Encode="1" Receive="1" Value="" StatusID="0001"/>
			<Cell CellID="F_28" CellID2="G_38" Encode="1" Receive="1" Value="" StatusID="0001"/>
			<Cell CellID="G_28" CellID2="M_38" Encode="1" Receive="1" Value="" StatusID="0001"/>
			<Cell CellID="H_28" CellID2="R_38" Encode="1" Receive="1" Value="" StatusID="0001"/>
			<Cell CellID="I_28" CellID2="X_38" Encode="1" Receive="1" Value="" StatusID="0001"/>
			<Cell CellID="J_28" CellID2="AB_38" Encode="1" Receive="1" Value="" StatusID="0001"/>
			<Cell CellID="K_28" CellID2="AF_38" Encode="1" Receive="1" Value="0" StatusID="0001"/>
			<Cell CellID="L_28" CellID2="AJ_38" Encode="1" Receive="1" Value="0" StatusID="0001"/>
			<Cell CellID="M_28" CellID2="AN_38" Encode="1" Receive="1" Value="0" StatusID="0001"/>
			<Cell CellID="N_28" CellID2="AR_38" Encode="1" Receive="1" Value="" StatusID="0001"/>
		</Cells>
	</Section>
	<Section Dynamic="0" MaxRows="0">
		<Cells>
			<Cell CellID="H_41" CellID2="V_47" Encode="1" Value="10064084"/>
			<Cell CellID="H_42" CellID2="V_49" Encode="1" Value="1006408"/>
		</Cells>
	</Section>
</Sections>
